name,city,income,credit_score,loan_amount,years_employed,points,loan_approved,monthly_current_bill,family_recharge_bill,previous_loan_paid
Sanjay Pandey,Hubballi,675062.95,389,191421.83,27,50,FALSE,1529.177396,1605.905941,No
Aarav Joshi,Visakhapatnam,245106.93,729,351279.72,28,55,FALSE,4892.451952,1066.689571,No
Riya Kumar,Delhi,499851.07,584,52176.69,13,45,FALSE,4014.450637,2985.314568,No
Vihaan Patel,Lucknow,833635.77,344,487039.15,29,50,FALSE,1059.345325,2410.614346,No
Aditya Tiwari,Amritsar,913267.12,496,47162.64,4,25,FALSE,5571.162654,3134.321355,No
Divya Singh,Aurangabad,1078610.82,689,122791.29,29,65,TRUE,3383.218177,1397.468486,Yes
Meera Jain,Indore,279814.46,373,70229.5,40,35,FALSE,3905.939446,2621.440422,Yes
Arjun Rao,Vijayawada,363311.74,524,55510.35,20,25,FALSE,3651.94968,1861.966966,No
Naveen Reddy,Guwahati,659920.81,367,33881.44,36,55,FALSE,682.3104123,1274.299696,No
Priya Nambiar,Mysuru,359908.05,446,339110.89,8,20,FALSE,2359.277937,2746.014606,Yes
Riya Das,Srinagar,746223.86,670,260298.44,8,75,TRUE,1124.689104,1368.662878,Yes
Krishna Jain,Agra,547367.69,365,435371.02,24,55,FALSE,3303.776254,611.4501351,No
Ishita Pandey,Ahmedabad,454435.09,573,209405.82,21,50,FALSE,3271.81403,1190.008491,No
Aditya Yadav,Aligarh,1197254.61,819,327967.01,40,100,TRUE,1588.711718,2326.980998,Yes
Rohan Chatterjee,Coimbatore,1121427.7,843,196747.27,38,80,TRUE,3472.23272,2507.885086,No
Vikram Thakur,Varanasi,626313.2,380,243598.55,31,60,TRUE,3941.61039,1023.181728,Yes
Rohan Chatterjee,Chennai,799645.06,469,116465.11,33,50,FALSE,3646.292,2177.735197,No
Sai Reddy,Coimbatore,822450.03,682,53515.27,33,50,FALSE,1071.778313,1949.255437,No
Rakesh Singh,Nagpur,1053356.55,525,270696.1,4,30,FALSE,1767.348985,1976.61394,No
Priya Verma,Jamshedpur,1129854.14,543,311938.08,31,25,FALSE,3484.222744,2733.644794,No
Krishna Joshi,Ahmedabad,848215.49,716,126452.36,6,65,TRUE,2197.825275,384.4886573,Yes
Ananya Chatterjee,Shimla,226282.01,400,85254.5,25,50,FALSE,3450.507068,659.3827133,No
Vikram Rao,Gwalior,899021.32,443,367290.95,11,45,FALSE,1657.25026,356.3899052,No
Tanvi Reddy,Madurai,961043.46,400,352897.15,34,60,TRUE,2130.241199,353.0452128,Yes
Ananya Patel,Hyderabad,506253.45,792,286378.72,25,60,TRUE,615.8479419,492.0888454,Yes
Rakesh Pillai,Rajkot,769806.7,592,125058.22,35,65,TRUE,3013.0686,1894.480308,Yes
Naveen Joshi,Nagpur,760621.4,362,155193.11,3,30,FALSE,4010.65295,2554.279056,Yes
Tanvi Bose,Delhi,432434.03,382,445773.67,4,45,FALSE,2754.844599,977.2670103,No
Divya Mishra,Meerut,531844.03,383,443654.07,37,55,FALSE,2024.641362,2356.070724,No
Pooja Jain,Jodhpur,460312.38,434,170910.42,19,50,FALSE,2164.336158,1960.933421,No
Aditya Sharma,Vijayawada,450965.26,402,145289.04,34,60,TRUE,3218.856867,858.9102268,No
Divya Mishra,Jaipur,764266.85,748,472605.06,19,75,TRUE,3605.195593,2441.33869,Yes
Aditi Yadav,Rajkot,343276.49,406,166435.08,16,45,FALSE,4718.652088,1059.983768,No
Priya Gupta,Vadodara,772559.23,651,202601.02,40,65,TRUE,1002.093707,1758.321785,Yes
Ishita Thakur,Noida,686526.57,345,397571.18,21,60,TRUE,2906.87515,2141.620235,Yes
Rajesh Verma,Tiruchirappalli,242736.05,309,122219.94,4,35,FALSE,3270.127658,2915.540265,No
Naveen Rao,Srinagar,1056382.79,451,125018.1,8,50,FALSE,1220.366779,1637.515036,No
Aarav Sharma,Agra,151375.52,405,432033.71,35,55,FALSE,3049.148746,1558.707694,Yes
Divya Mishra,Kolkata,1038602.18,481,390214.85,1,10,FALSE,2759.584051,795.2740984,No
Riya Nair,Thiruvananthapuram,445523.64,573,447168.16,6,55,FALSE,835.4354897,776.2986433,No
Aditi Pillai,Vadodara,699172.89,658,325500.07,14,70,TRUE,2175.72418,921.2642827,Yes
Vikram Joshi,Udaipur,874070.9,659,380025.46,32,50,FALSE,3750.043021,2660.478329,No
Karthik Singh,Lucknow,416285.85,482,398766.38,16,50,FALSE,3442.916235,1304.185601,No
Naveen Ghosh,Dehradun,645310.07,418,300270.8,36,45,FALSE,2047.335936,2789.207007,No
Meera Sharma,Rajkot,712298.69,638,467928.81,20,50,FALSE,2197.898806,2114.629003,No
Vihaan Bose,Thiruvananthapuram,1077898.03,712,112502.65,18,60,TRUE,2657.856417,591.1157647,No
Meera Patel,Shimla,527478.8,608,253933.35,35,50,FALSE,1372.143079,2234.691055,No
Riya Joshi,Ahmedabad,1101309.5,518,122294.8,30,35,FALSE,5033.913931,1197.566833,No
Rohan Tiwari,Lucknow,1199431.32,395,338968.15,19,55,FALSE,578.20318,2653.379211,Yes
Meera Chatterjee,Mysuru,1008242.36,374,310292.31,26,35,FALSE,4186.2145,2826.602737,No
Divya Patel,Lucknow,751641.3,451,108267.46,0,10,FALSE,2715.716059,2468.341037,Yes
Tanvi Mishra,Kochi,935804.34,775,334031.78,35,70,TRUE,1900.362744,1751.488496,No
Riya Nair,Varanasi,580701.02,624,22774.11,39,60,TRUE,4195.694876,787.4410013,Yes
Priya Iyer,Patna,806454.68,760,261866.86,15,60,TRUE,3191.082477,2102.179783,Yes
Arjun Verma,Vadodara,569288.56,750,286010.51,18,90,TRUE,1365.97171,2138.587113,No
Krishna Kumar,Hyderabad,979115.21,456,149604.24,13,50,FALSE,4445.680603,1960.074329,No
Priya Rao,Bhopal,892012.3,698,151376.8,1,50,FALSE,3498.838996,1557.471931,No
Praveen Menon,Lucknow,752773.63,729,497199.38,34,75,TRUE,3968.764519,218.8707555,No
Ishita Jain,Noida,545919.17,698,219100.53,25,65,TRUE,1753.969638,2391.19028,Yes
Riya Patel,Thiruvananthapuram,509319.35,385,444530.12,27,50,FALSE,733.1833865,1122.558226,No
Arjun Sharma,Nashik,962550.96,634,434246.59,24,40,FALSE,5149.071046,1541.685919,No
Rohan Reddy,Meerut,831489.92,353,467897.23,14,55,FALSE,2753.402772,2752.586628,No
Aditya Jain,Nashik,1020435.84,456,347653.36,8,45,FALSE,1647.48548,3054.072384,No
Priya Gupta,Gurugram,711740.68,471,128117.16,38,45,FALSE,4117.771484,2427.452082,No
Riya Pillai,Kolkata,887112.55,326,459394.36,36,25,FALSE,4762.408612,549.3382198,No
Arjun Verma,Hubballi,506937.76,548,124812.53,19,55,FALSE,1947.497329,2720.412616,No
Krishna Pillai,Agra,560806.51,370,294426.32,21,25,FALSE,1695.094646,913.9516302,Yes
Aarav Thakur,Bengaluru,530166.6,456,230172.05,11,50,FALSE,931.1357214,954.3775433,No
Aditi Nair,Jodhpur,400162.19,574,213697.13,15,40,FALSE,1495.778482,2837.641291,No
Divya Singh,Kochi,727523.94,688,423002.03,1,65,TRUE,1403.840369,1684.132236,Yes
Rajesh Tiwari,Varanasi,1179976.84,310,67483.84,12,50,FALSE,4907.348071,2648.310671,No
Pooja Pillai,Gwalior,1134748.18,802,52989.44,1,75,TRUE,799.6873225,387.4002762,Yes
Rajesh Pandey,Nashik,1145984.08,784,124028.75,33,85,TRUE,875.0514878,747.5134397,No
Meera Joshi,Dehradun,211363.47,613,71251.37,14,70,TRUE,2424.975161,804.827535,Yes
Sneha Thakur,Raipur,482720.53,795,262129.63,37,85,TRUE,3789.733706,375.7319332,Yes
Vikram Singh,Agra,271549.21,669,411049.91,19,70,TRUE,522.0177696,1341.143846,Yes
Aditi Pandey,Jaipur,1111970.15,802,370630.6,0,70,TRUE,2885.896196,2446.015434,Yes
Sneha Das,Kanpur,996597.94,789,50967.9,4,85,TRUE,2369.227099,850.2858314,Yes
Sai Sharma,Kochi,856295.96,611,331010.35,15,50,FALSE,3632.586073,3030.936354,No
Naveen Ghosh,Kochi,515672.9,761,238920.91,19,60,TRUE,1754.233885,367.543949,Yes
Ananya Patel,Rajkot,731516.63,512,354997.47,13,50,FALSE,1005.098463,721.4936216,No
Divya Iyer,Noida,418910.48,781,326053.43,2,65,TRUE,4650.88694,2409.077354,Yes
Aarav Reddy,Aligarh,840087.57,570,365369.12,37,50,FALSE,4548.846266,520.9323221,Yes
Sneha Kumar,Noida,392981.93,572,407082.6,4,35,FALSE,3062.903093,1826.719872,No
Ananya Bose,Pune,949057.63,611,449338.16,25,40,FALSE,4102.123634,1858.734094,No
Rajesh Pillai,Amritsar,1066138.55,630,274874.55,16,65,TRUE,596.9646038,255.4404409,Yes
Pooja Pandey,Vijayawada,962266.54,341,307209.62,30,45,FALSE,4135.855249,1441.561946,No
Priya Reddy,Gurugram,909760.86,393,106820.94,22,55,FALSE,3146.60871,719.7876344,No
Rakesh Patel,Indore,626921.61,807,73548.17,25,65,TRUE,3663.735782,2224.074291,Yes
Priya Kumar,Kolkata,964484.87,713,146787.65,0,50,FALSE,1372.387396,3014.826622,No
Vihaan Iyer,Hubballi,938672.2,810,48459.89,28,75,TRUE,2862.463147,1712.53908,Yes
Ishita Gupta,Dehradun,783032.87,424,48355.95,40,55,FALSE,3565.867798,1801.069996,No
Naveen Kumar,Guwahati,596527.36,416,183914.71,7,45,FALSE,2370.672996,3096.049518,No
Naveen Gupta,Guwahati,490540.62,725,412733.16,30,80,TRUE,2752.092324,609.3271257,Yes
Naveen Tiwari,Meerut,502918.3,724,86836.43,32,70,TRUE,3965.331132,766.809888,No
Vihaan Singh,Jaipur,719435.77,795,372418.05,21,70,TRUE,1398.641342,1711.088014,No
Aditi Bose,Jodhpur,255681.27,692,53024.91,26,75,TRUE,944.5598372,2085.333608,No
Rajesh Reddy,Vijayawada,574442.15,807,195214.17,8,90,TRUE,4614.323036,203.4819496,Yes
Rohan Das,Hubballi,941218.14,315,381586.72,9,30,FALSE,1450.461154,2862.803881,No
Arjun Gupta,Salem,318194.19,646,465774.38,25,65,TRUE,4306.976226,1100.938627,Yes
Rakesh Sharma,Jodhpur,344830.44,336,487599.63,4,25,FALSE,803.5470379,2270.988536,Yes
Sanjay Pillai,Hyderabad,784484.64,400,172219.65,6,45,FALSE,2206.507224,2544.708227,No
Krishna Nambiar,Mysuru,492880.98,667,307619.05,27,70,TRUE,1289.422304,1411.99599,Yes
Sai Das,Aurangabad,547538.84,691,443342.04,15,75,TRUE,2812.96661,1198.544275,Yes
Ananya Nair,Kanpur,384446.14,461,99022.12,28,35,FALSE,1188.09354,2592.188262,No
Vikram Nambiar,Delhi,280044.35,609,206027.92,24,70,TRUE,4060.15886,481.1690147,No
Pooja Sharma,Surat,577003.82,322,387716.91,25,50,FALSE,2459.328716,2701.683123,No
Ishita Kumar,Hubballi,1157558.13,535,484583.63,22,35,FALSE,2347.869197,2224.037657,Yes
Vihaan Sharma,Kanpur,814621.43,340,166110.73,28,55,FALSE,4255.941294,1664.820694,No
Naveen Verma,Agra,1055615.99,479,177257.26,8,50,FALSE,1697.755067,776.2966587,No
Aditya Nair,Jaipur,910835.95,793,246699.07,21,75,TRUE,1949.688873,557.9580928,Yes
Arjun Iyer,Mumbai,213473.14,706,458609.61,23,60,TRUE,3462.469746,1889.226229,No
Rohan Joshi,Delhi,643437.01,690,439972.74,23,65,TRUE,3182.071153,1618.665199,No
Divya Nair,Guwahati,1178419.89,364,199133.63,29,40,FALSE,3531.110583,1628.995981,No
Karthik Pandey,Chandigarh,1000629.76,611,322007.41,7,45,FALSE,3590.727719,2194.802643,No
Meera Jain,Jodhpur,251854.82,729,361323.75,9,70,TRUE,1827.983571,957.8340564,No
Priya Singh,Raipur,749023.04,333,226965.37,23,50,FALSE,3917.865339,2999.188938,No
Naveen Singh,Ahmedabad,909903.79,667,218156.59,25,75,TRUE,2987.934658,1518.6893,No
Aditya Reddy,Hyderabad,290094.44,321,261740.7,21,50,FALSE,4416.419672,2904.663712,Yes
Aditi Nair,Madurai,1045681.11,521,75906.64,21,55,FALSE,2077.963729,2794.856338,No
Aditya Gupta,Hubballi,629386.96,433,346083.15,16,35,FALSE,2618.560979,2095.061001,No
Vikram Singh,Surat,357950.12,543,277012.61,20,50,FALSE,2396.092409,1284.368534,No
Sai Rao,Hyderabad,231394.71,787,187832.49,23,90,TRUE,1850.144255,2109.261552,No
Krishna Pillai,Amritsar,641748.97,608,491739.29,1,55,FALSE,2862.439941,1395.449348,No
Aditya Tiwari,Mysuru,783934.93,375,303918.99,20,35,FALSE,4343.099074,1842.204895,No
Divya Nambiar,Hyderabad,960964.17,601,328744.02,32,50,FALSE,3094.316098,2942.817702,No
Priya Mishra,Udaipur,800168.04,533,284842.84,21,55,FALSE,2062.321917,2997.535871,No
Ishita Sharma,Raipur,1038494.26,683,262079.54,30,55,FALSE,4981.595836,2729.079289,No
Sneha Patel,Aurangabad,966385.74,361,78504.9,35,50,FALSE,3494.996411,3049.301438,No
Aditi Ghosh,Hubballi,326773.37,594,221942.51,19,50,FALSE,1961.529653,563.549283,No
Naveen Iyer,Indore,1193318.38,658,434286.57,23,55,FALSE,1316.158253,3176.779194,Yes
Aditya Joshi,Dehradun,292769.1,326,264795.23,17,35,FALSE,5206.927367,2647.946465,No
Rajesh Nambiar,Chennai,585316.32,446,45026.62,25,25,FALSE,4650.082689,2475.97849,Yes
Arjun Patel,Indore,623194.23,729,106553.06,21,60,TRUE,993.3713246,1150.356605,Yes
Rakesh Tiwari,Guwahati,317463.83,383,270514.57,28,55,FALSE,2645.706755,2029.56116,No
Pooja Ghosh,Guwahati,594942.63,416,91623.38,27,55,FALSE,4314.12574,3177.324645,No
Rajesh Mishra,Agra,663747.75,356,179500.28,13,60,TRUE,3610.354961,1722.233572,Yes
Praveen Nambiar,Indore,780324.22,307,181463.21,27,50,FALSE,2263.781703,1316.324647,Yes
Meera Menon,Thiruvananthapuram,1044555.18,746,39243.93,29,85,TRUE,3610.519576,1204.292119,Yes
Rajesh Patel,Jamshedpur,1024526.76,596,447826.61,25,60,TRUE,3692.781128,1250.859474,Yes
Rajesh Mishra,Kolkata,715483.88,390,51486.99,6,45,FALSE,2555.89502,1014.192523,No
Aarav Verma,Kolkata,159268.08,526,279936.16,10,50,FALSE,1996.044748,2628.730062,No
Arjun Tiwari,Rajkot,444976.5,451,403384.94,6,45,FALSE,4661.256288,1789.379599,No
Rakesh Thakur,Dehradun,765369.01,775,272098.33,37,85,TRUE,3511.731249,1237.584538,Yes
Meera Iyer,Surat,924383.68,454,292103,4,45,FALSE,2309.711321,1381.3089,No
Sanjay Jain,Surat,1095638.74,772,112123.44,2,75,TRUE,3702.147977,1914.183448,Yes
Rakesh Thakur,Ranchi,983508.33,773,458683.29,35,75,TRUE,3083.347806,2535.005499,Yes
Sanjay Nair,Gwalior,362316.91,813,223897.51,3,65,TRUE,3180.569619,1112.276993,Yes
Praveen Sharma,Noida,984203.23,553,278104.71,28,35,FALSE,1341.262402,485.2063601,No
Pooja Tiwari,Bhopal,1048666.05,353,125206.37,21,25,FALSE,2929.197287,2138.683368,No
Sneha Chatterjee,Hubballi,918571.47,641,431580.19,37,60,TRUE,4252.592945,1571.477699,Yes
Rakesh Iyer,Delhi,1035176.62,617,167159.77,24,65,TRUE,1153.100947,898.0153361,No
Aditi Singh,Lucknow,726745.18,670,278519.3,23,85,TRUE,3582.514791,1986.635726,No
Karthik Mishra,Bhopal,1061002.7,458,43474.42,18,60,TRUE,1973.371948,969.0480892,Yes
Pooja Pandey,Ranchi,646530.74,685,239985.84,10,70,TRUE,2950.501314,2446.454287,No
Ananya Rao,Nagpur,299887.29,720,64863.83,15,80,TRUE,2040.064155,2265.162068,Yes
Meera Kumar,Nagpur,796018.12,616,409725.65,12,65,TRUE,3609.738737,2081.139695,Yes
Aditi Menon,Mangalore,1175134.81,814,375529.89,26,80,TRUE,632.9505763,1849.916924,Yes
Rohan Das,Jamshedpur,977502.92,792,84760.72,35,90,TRUE,3426.903176,336.8549373,No
Krishna Jain,Bhopal,654220.8,579,482368.57,32,50,FALSE,5094.258497,1471.264703,No
Vikram Das,Bhopal,911328.35,657,174433.67,26,70,TRUE,4353.212051,1048.75091,Yes
Praveen Chatterjee,Meerut,871844.71,401,185008.16,21,40,FALSE,1428.850187,2892.130905,Yes
Pooja Patel,Nashik,438065.62,780,464073.24,39,70,TRUE,4412.712834,2465.40613,Yes
Meera Jain,Visakhapatnam,1062175.5,840,75499.99,7,60,TRUE,2419.791385,2541.460714,No
Rohan Nambiar,Kanpur,741036.17,768,328782.52,7,85,TRUE,2958.419708,644.1201416,No
Divya Bose,Bhubaneshwar,347166.53,739,179342,39,80,TRUE,593.2987349,496.5222985,Yes
Divya Mishra,Visakhapatnam,942848.77,838,234540.85,32,65,TRUE,2260.966909,2618.366077,No
Priya Das,Agra,901765.14,682,95670.79,1,65,TRUE,3638.778824,1201.192408,No
Sanjay Nair,Gurugram,388804.3,436,228557.12,22,35,FALSE,1226.091038,3111.72593,Yes
Divya Nambiar,Aligarh,701878.79,486,236743.49,4,50,FALSE,4254.217625,3157.197221,No
Arjun Rao,Nagpur,1139270.95,342,128225.91,19,25,FALSE,1875.481933,411.2106975,No
Aditi Sharma,Patna,611355.51,592,480055.17,3,40,FALSE,5358.651554,841.5018581,Yes
Rakesh Verma,Visakhapatnam,777622.93,750,112276.72,21,90,TRUE,3329.932467,1859.721524,Yes
Aditi Joshi,Kochi,556280.24,380,479394.22,38,35,FALSE,3253.040041,2546.691605,No
Rohan Verma,Aurangabad,542026.25,756,148508.36,27,85,TRUE,1981.01649,240.0197071,No
Aditya Chatterjee,Delhi,672712.54,581,403560.87,3,55,FALSE,1294.614198,2219.371824,No
Aditya Menon,Mysuru,423692.45,748,196130.47,8,85,TRUE,2982.084215,2200.223922,Yes
Rohan Iyer,Lucknow,466544.03,457,441836.42,28,45,FALSE,2141.48727,655.881368,No
Aditi Jain,Mumbai,218372.02,621,212263.72,17,40,FALSE,2765.506109,942.0251619,Yes
Aditya Chatterjee,Agra,624396.1,420,415747.36,16,50,FALSE,736.0472551,1434.568306,Yes
Aditya Mishra,Gwalior,797473.3,375,399948.94,11,45,FALSE,4224.034869,1424.526598,Yes
Praveen Menon,Kochi,536823.32,597,263107.74,10,70,TRUE,3151.083079,634.5961255,Yes
Praveen Bose,Mysuru,848838.97,505,330016.34,15,50,FALSE,2531.043485,1662.494282,Yes
Aditya Mishra,Jaipur,785020.95,432,211088.77,5,35,FALSE,2669.76754,1352.000084,No
Sanjay Joshi,Shimla,469319.2,375,311283.64,20,45,FALSE,1055.482721,1466.300689,No
Aditya Verma,Jodhpur,315583.61,486,399797.65,27,60,TRUE,3277.24778,979.2603841,No
Priya Reddy,Salem,481934.66,630,61377.18,14,65,TRUE,2102.44087,2113.665297,Yes
Sanjay Mishra,Vadodara,259721.26,581,73343.82,40,45,FALSE,3262.872712,680.3315174,No
Ishita Bose,Nashik,489755.64,457,198514.7,39,55,FALSE,3851.380296,1038.882297,No
Divya Iyer,Delhi,347870.72,346,99752.23,36,50,FALSE,2437.577718,1744.113762,No
Praveen Patel,Rajkot,825466.83,596,275135.04,19,40,FALSE,4867.031364,427.2712612,Yes
Ishita Yadav,Udaipur,516657.41,725,291201.21,29,75,TRUE,3597.343088,2105.792003,No
Karthik Ghosh,Varanasi,383214.48,708,495135.78,23,85,TRUE,660.614435,1212.208036,Yes
Meera Thakur,Vijayawada,940855.44,399,468549.86,18,60,TRUE,1011.835719,2523.776529,Yes
Ananya Pandey,Meerut,1153621.83,620,184295.08,10,70,TRUE,1407.421364,1186.907125,No
Rohan Patel,Thiruvananthapuram,817688.89,520,465276.63,22,35,FALSE,4555.077116,1087.6695,No
Pooja Joshi,Nagpur,672407.45,410,312020.19,8,50,FALSE,2685.225865,2111.340159,No
Arjun Patel,Pune,400284.73,499,208262.28,35,55,FALSE,4619.884999,1458.374176,No
Arjun Singh,Mumbai,592104.95,431,422397.82,25,50,FALSE,4079.980345,773.3417443,No
Sanjay Rao,Kolkata,340972.49,821,497844.67,32,65,TRUE,4124.466791,1345.564922,Yes
Ishita Reddy,Visakhapatnam,505774.76,827,367277.64,20,85,TRUE,2186.101357,1037.626648,Yes
Ananya Sharma,Chandigarh,632159.64,821,357638.95,31,80,TRUE,3280.995313,1075.630931,Yes
Pooja Bose,Noida,1034357.39,726,134181.1,19,60,TRUE,2008.846038,1244.024509,Yes
Arjun Sharma,Vadodara,749010.52,533,69826.36,3,30,FALSE,2923.472758,2262.904305,No
Divya Yadav,Agra,1000109.25,332,99620.4,7,20,FALSE,1779.510903,388.608195,Yes
Aarav Pillai,Aurangabad,532333.91,813,441290.18,30,90,TRUE,4466.426732,2298.729079,Yes
Sanjay Menon,Jaipur,266464.3,632,42730.44,30,65,TRUE,3179.009553,372.1105884,Yes
Divya Joshi,Kozhikode,714950.72,795,304793.04,15,90,TRUE,2014.227131,1359.89849,Yes
Rohan Verma,Madurai,183520.7,800,297588.69,30,80,TRUE,3938.501812,796.5595698,Yes
Rajesh Reddy,Nashik,654844.2,688,46573.45,22,70,TRUE,1829.48702,1875.803429,Yes
Tanvi Chatterjee,Hyderabad,362706.3,654,330864.16,16,70,TRUE,1819.478495,1158.020788,Yes
Naveen Yadav,Amritsar,248464.49,440,283875.09,39,45,FALSE,5378.5207,2538.173766,Yes
Pooja Patel,Hubballi,961972.54,402,475841.89,21,45,FALSE,4864.845545,686.8701899,No
Aditi Menon,Raipur,869828.1,716,32906.32,30,75,TRUE,694.0778623,1654.752845,No
Sanjay Pandey,Tiruchirappalli,1173724.63,391,336587.1,36,25,FALSE,4002.686151,1997.580899,No
Rakesh Pillai,Bhopal,926900.98,337,55653.75,31,55,FALSE,3378.573088,2665.589552,No
Aarav Sharma,Meerut,266994.41,605,320918.62,38,65,TRUE,532.6399867,2100.151083,No
Ishita Ghosh,Dehradun,189749.9,816,64723.32,17,75,TRUE,2550.115533,239.6967691,No
Krishna Nambiar,Delhi,1107534.72,314,248413.05,21,50,FALSE,3726.563539,2644.891374,No
Aarav Nambiar,Shimla,343109.75,715,350564.46,32,75,TRUE,4494.123862,737.2782323,No
Aarav Rao,Kanpur,915231.44,554,251281.69,16,55,FALSE,4554.301896,1141.791299,No
Rohan Das,Ranchi,189435.95,311,31389.93,23,55,FALSE,3680.113978,1945.759038,No
Rajesh Patel,Aligarh,1150236.31,618,341161.17,7,45,FALSE,4209.803212,738.8563305,No
Aditya Iyer,Jamshedpur,745710.18,789,200373.4,29,80,TRUE,4044.499713,1606.169098,Yes
Ananya Jain,Kolkata,1051268.58,553,245692.63,38,40,FALSE,1606.742938,385.7180492,No
Rajesh Bose,Shimla,955709.4,414,24611.81,35,60,TRUE,3882.040191,2011.104526,Yes
Rohan Pillai,Bhubaneshwar,921935.3,752,462676.79,13,80,TRUE,574.7393683,1725.261527,No
Sai Thakur,Vijayawada,1181949.41,435,442022.16,26,50,FALSE,5630.685247,1327.429608,Yes
Ananya Nair,Hubballi,1018566.54,560,250149.11,13,60,TRUE,1683.54283,1674.509604,No
Rakesh Patel,Dehradun,298588.56,783,424161.2,18,90,TRUE,4188.362806,1913.328821,Yes
Sai Patel,Ranchi,528736.97,759,451602.6,24,60,TRUE,1749.391339,2267.157519,Yes
Arjun Yadav,Delhi,347142.26,421,32592.76,34,55,FALSE,1847.816607,2505.880137,No
Aditi Gupta,Vijayawada,431864.98,774,474870.99,34,70,TRUE,4582.387018,2569.629284,No
Sneha Iyer,Mumbai,935059.22,493,333605.86,7,35,FALSE,3839.049675,2355.713411,No
Aditi Thakur,Kolkata,647458.73,334,136087.51,38,25,FALSE,3484.074584,2998.402275,No
Krishna Tiwari,Coimbatore,442877.56,522,180112.52,8,30,FALSE,1654.922987,1845.987661,No
Aditya Iyer,Aligarh,563045.28,542,131594.56,9,40,FALSE,4457.90207,792.9829353,Yes
Sai Nair,Mangalore,488440.14,807,222755.78,22,100,TRUE,1388.276604,1006.262001,Yes
Arjun Nambiar,Srinagar,634367.58,452,400530.97,24,55,FALSE,2458.364702,857.9292966,No
Karthik Tiwari,Jamshedpur,867339.38,447,375271.26,3,45,FALSE,4453.146437,1777.179082,Yes
Karthik Verma,Bengaluru,460476.75,508,461148.32,5,35,FALSE,1198.487511,2284.592664,No
Divya Verma,Varanasi,237555.39,340,208349.27,12,50,FALSE,3300.174321,2340.309588,Yes
Sai Tiwari,Varanasi,816563.25,640,426374.39,0,25,FALSE,4172.58258,2590.03245,No
Ishita Menon,Kochi,1176715.93,706,35025.19,35,65,TRUE,627.4324377,772.6864251,Yes
Rohan Yadav,Jamshedpur,608711.85,825,78769.02,29,95,TRUE,1336.769033,2326.190995,Yes
Aditya Rao,Bengaluru,688529.45,620,386948.39,2,55,FALSE,3907.207788,2959.342291,No
Sanjay Pillai,Ahmedabad,275328.32,727,146441.74,9,45,FALSE,1414.966347,2056.194921,No
Sanjay Gupta,Delhi,1190289.44,645,288277.94,31,40,FALSE,3945.953615,881.4925713,No
Ishita Rao,Nagpur,361471.55,473,263749.23,34,60,TRUE,460.0280051,2759.698675,No
Sanjay Rao,Bhubaneshwar,996334.82,349,455104.45,26,55,FALSE,1980.983274,1351.636848,No
Vikram Pillai,Jamshedpur,370871.83,766,98123.6,3,80,TRUE,2531.27492,721.0044761,Yes
Ananya Rao,Kozhikode,1016375.92,306,418480.94,35,25,FALSE,3329.211231,3284.150938,No
Sanjay Thakur,Rajkot,761712.47,483,157312.97,6,55,FALSE,1766.926765,2343.845169,No
Riya Patel,Noida,917639.73,706,377679.57,23,80,TRUE,3620.799678,1247.654976,Yes
Naveen Singh,Gwalior,899405.7,382,290615.48,2,40,FALSE,3226.297023,1001.585445,No
Sanjay Bose,Dehradun,711161.69,384,220658.31,27,25,FALSE,1708.318931,2304.09943,No
Rajesh Chatterjee,Jodhpur,254085.9,516,102038.27,36,25,FALSE,3052.696636,428.0592922,No
Krishna Yadav,Kanpur,1102915.33,333,70458.52,20,55,FALSE,4336.262478,2017.797432,No
Rakesh Joshi,Amritsar,965026.01,466,291572.03,15,40,FALSE,903.3863553,2152.686055,Yes
Tanvi Pillai,Salem,349881,380,206673.04,22,50,FALSE,5405.259585,1341.260424,No
Aditi Bose,Meerut,994423.1,634,334506.27,40,65,TRUE,1039.136243,647.7779217,Yes
Karthik Gupta,Vijayawada,163225.85,742,271658.37,37,80,TRUE,3165.059428,2654.223788,No
Vikram Sharma,Jodhpur,1162877,574,409855.47,24,50,FALSE,1311.801296,1757.434945,No
Sneha Tiwari,Udaipur,1123072.16,305,224181.82,28,55,FALSE,1818.538567,1224.181627,No
Riya Gupta,Srinagar,985908.82,824,356525.43,6,85,TRUE,631.5148346,772.2486947,No
Aditya Reddy,Udaipur,1132583.74,598,457167.31,24,60,TRUE,2531.58443,2372.414538,Yes
Rajesh Gupta,Agra,360309.33,689,343383.57,8,65,TRUE,1267.63066,1408.784657,Yes
Sneha Mishra,Bhopal,594362.32,606,292318.65,4,55,FALSE,3916.284329,1609.297282,No
Riya Tiwari,Jaipur,391390.51,768,383409.94,8,90,TRUE,1590.592088,1005.663134,Yes
Meera Pillai,Patna,422729.85,750,45744.87,27,90,TRUE,3597.554293,319.2590708,Yes
Priya Gupta,Jamshedpur,452186.34,505,420844.51,20,50,FALSE,4234.504845,2340.738429,No
Divya Reddy,Bhopal,335462.41,633,140628.41,17,50,FALSE,687.9493336,493.2038846,No
Rakesh Bose,Mumbai,543974,484,41312.6,35,50,FALSE,2881.966528,902.4205187,Yes
Meera Singh,Gwalior,665868.2,370,135617.1,31,40,FALSE,2588.213764,1250.316839,No
Rakesh Yadav,Varanasi,439094.49,686,321121.45,28,80,TRUE,957.8412746,1976.768318,Yes
Krishna Menon,Visakhapatnam,152814.19,849,233141.6,40,90,TRUE,2121.863476,1646.315007,Yes
Rohan Bose,Kochi,153248.21,709,158518.67,27,80,TRUE,2807.849346,364.5045598,Yes
Rakesh Menon,Hyderabad,801859.1,774,292808,37,75,TRUE,3873.684032,689.6615787,Yes
Pooja Gupta,Ahmedabad,465903.37,387,308344.44,9,50,FALSE,4958.107024,1932.731264,No
Aarav Singh,Salem,207860.07,748,376843.64,28,85,TRUE,3033.847605,965.7807374,Yes
Vikram Nair,Indore,1072714.63,468,26810.96,15,40,FALSE,2450.778563,2255.936269,No
Pooja Chatterjee,Jaipur,773472.9,714,281210.82,11,65,TRUE,3064.127557,1376.835501,No
Naveen Verma,Coimbatore,929577.41,698,439810.5,13,65,TRUE,560.1307416,1732.93085,Yes
Sneha Tiwari,Bengaluru,178403.51,491,356751.91,20,40,FALSE,3216.613737,2005.35735,Yes
Praveen Bose,Mumbai,776580.17,697,321233.66,25,60,TRUE,1709.821517,2511.932994,Yes
Rakesh Pillai,Visakhapatnam,1163298.06,604,216414.88,37,40,FALSE,5091.439191,2785.968256,No
Rohan Rao,Gwalior,521792.33,444,366300.94,24,35,FALSE,1382.588189,1225.720913,Yes
Divya Pandey,Aligarh,852106.51,477,311550.15,10,25,FALSE,4098.867247,1806.254835,No
Rajesh Das,Mangalore,531145.62,796,54214.55,12,95,TRUE,4135.444595,2278.252024,No
Tanvi Nambiar,Indore,983386.47,725,209532.31,28,70,TRUE,2896.151098,760.8036523,No
Priya Sharma,Gwalior,725260.15,850,302315.54,10,80,TRUE,947.1595534,1969.028226,Yes
Rohan Gupta,Gurugram,944786.95,416,345063.73,34,55,FALSE,2523.461667,3280.48255,No
Rohan Singh,Madurai,707587.66,523,73133.37,6,30,FALSE,3337.899681,1746.752388,No
Rohan Rao,Udaipur,490676.65,749,184670.33,15,65,TRUE,903.1162221,1889.888512,No
Karthik Nambiar,Indore,1089625.41,511,151246.6,3,20,FALSE,3845.981224,971.8492806,No
Rohan Thakur,Vijayawada,1172752.43,599,374516.9,36,70,TRUE,4107.46201,1246.440406,Yes
Aditi Sharma,Rajkot,902346.11,360,43016.62,8,50,FALSE,5178.311506,1781.905909,No
Priya Tiwari,Aurangabad,728438.33,801,333832.73,36,70,TRUE,2579.456258,1007.653123,Yes
Sneha Chatterjee,Ahmedabad,1176129.43,712,465907.75,17,60,TRUE,3869.909921,2215.803995,No
Krishna Menon,Delhi,276467.88,395,73448.03,29,25,FALSE,5493.095836,1820.230246,No
Riya Yadav,Udaipur,929505.35,516,254209.44,17,55,FALSE,3496.519256,2928.703323,No
Arjun Verma,Meerut,505530.53,651,230837.49,3,30,FALSE,1611.656455,1251.781419,No
Naveen Pandey,Hubballi,1108790.21,751,354825.56,0,75,TRUE,1494.926461,2133.255867,Yes
Priya Das,Bengaluru,757671.02,395,458829.42,23,35,FALSE,3473.661958,1762.233814,No
Aarav Iyer,Mangalore,787173.3,612,477413.24,14,40,FALSE,2629.719438,392.6664383,No
Vihaan Patel,Mangalore,1034161.65,531,297608.85,28,45,FALSE,1452.227927,2793.768083,No
Ishita Tiwari,Jamshedpur,447602.86,372,55410.21,24,40,FALSE,5192.71221,2524.517075,No
Rakesh Bose,Vadodara,356911.47,691,109563.38,9,65,TRUE,3866.399944,1208.18681,No
Vikram Pandey,Agra,597181.27,518,406271.81,9,45,FALSE,4872.06931,2176.496644,Yes
Vihaan Iyer,Patna,593935.98,443,436423.44,37,55,FALSE,1138.310379,2867.309975,No
Aditi Pandey,Bhopal,841409.19,386,244249,35,40,FALSE,4031.349449,2253.441984,No
Rohan Iyer,Mangalore,1026099.13,510,428974.97,38,50,FALSE,1866.530873,617.7826482,No
Sai Thakur,Shimla,838346.03,806,474674.14,7,60,TRUE,2034.577693,1811.532459,Yes
Riya Sharma,Kolkata,209634,730,193886.36,34,80,TRUE,4072.472755,986.0800472,Yes
Meera Rao,Jaipur,417096.14,568,214341.8,2,45,FALSE,3141.005443,615.7924033,Yes
Rajesh Reddy,Tiruchirappalli,821070.25,725,163857.61,25,75,TRUE,2959.554259,1826.244963,Yes
Naveen Singh,Patna,625046.8,823,32471.23,9,90,TRUE,3089.573421,2451.739264,Yes
Sai Nair,Nashik,1031979.39,359,159169.25,5,45,FALSE,3741.84768,714.7348388,No
Rajesh Nambiar,Hyderabad,1129614.15,422,385817.36,8,45,FALSE,568.1559907,2760.953789,No
Sai Singh,Meerut,679860.97,575,305950.22,7,45,FALSE,1457.802222,933.1474694,Yes
Ishita Patel,Chandigarh,1066859.35,378,124325.09,29,45,FALSE,1570.967553,1162.375178,Yes
Krishna Nair,Ahmedabad,1002473.5,405,496536.68,7,45,FALSE,5204.136939,3092.849226,No
Rohan Nambiar,Mumbai,714234.64,692,177486.02,11,75,TRUE,4354.961631,2241.04947,Yes
Sneha Chatterjee,Hyderabad,309170.37,726,41153.11,20,60,TRUE,4613.203302,715.160076,Yes
Priya Tiwari,Thiruvananthapuram,1192490.11,347,140850.22,4,15,FALSE,1201.325909,2875.337301,No
Ananya Chatterjee,Jaipur,557398.54,767,50112.1,23,75,TRUE,1876.536477,744.6389783,Yes
Sneha Thakur,Ranchi,767293.78,805,134531.26,34,95,TRUE,1901.392886,1698.961852,No
Vikram Chatterjee,Mangalore,979786.19,654,408682.77,0,40,FALSE,683.3494217,846.9949926,No
Divya Nambiar,Patna,332905.54,543,64642.83,31,45,FALSE,1427.228976,2395.647504,No
Divya Gupta,Salem,345411.6,832,134905.99,23,85,TRUE,3955.359189,1989.906782,No
Sai Iyer,Gwalior,782206.12,376,304437.48,36,40,FALSE,2102.664868,2047.1773,No
Vihaan Reddy,Ahmedabad,1015664.07,702,251577.04,20,65,TRUE,1057.979388,2524.848378,Yes
Tanvi Thakur,Jodhpur,1159727.52,411,277817,6,55,FALSE,692.4411665,398.1930489,No
Meera Tiwari,Patna,1131914.69,762,160390.32,29,90,TRUE,3008.110975,624.3093747,No
Tanvi Chatterjee,Guwahati,858653.21,520,40245.62,9,20,FALSE,1800.556771,2090.951662,No
Aarav Das,Mysuru,1005689.59,331,109832.63,28,55,FALSE,2628.543306,1252.851419,No
Naveen Chatterjee,Jaipur,1135496.61,312,324949.08,14,60,TRUE,1426.325965,1561.371114,Yes
Naveen Yadav,Gwalior,244868.55,322,174807.15,12,60,TRUE,1862.581078,340.8175319,No
Vikram Das,Noida,799942.33,351,333488.82,36,30,FALSE,1722.955875,3044.623488,No
Arjun Yadav,Gwalior,1066463.78,662,98242.77,11,45,FALSE,1104.10708,1154.00875,No
Vikram Sharma,Mysuru,650747.17,721,147413.62,30,65,TRUE,2965.441535,1524.271315,Yes
Aditya Chatterjee,Srinagar,246340.83,838,267065.71,40,95,TRUE,968.3451484,2077.914206,Yes
Sneha Reddy,Indore,424518.62,652,387527.32,32,50,FALSE,4797.215366,1464.064044,No
Arjun Menon,Ahmedabad,479376.63,587,112602.83,30,75,TRUE,3389.651886,255.6745165,No
Aarav Gupta,Salem,1092134.04,546,378206.96,34,55,FALSE,5186.126575,2411.865636,No
Aditi Rao,Udaipur,362768.18,697,486075.3,11,50,FALSE,2142.626724,723.7738105,No
Meera Chatterjee,Amritsar,179561.15,660,458931.59,36,50,FALSE,1155.704859,950.1870329,No
Tanvi Menon,Varanasi,822848.27,802,447408.32,5,85,TRUE,2461.383061,744.5711413,No
Krishna Sharma,Patna,915670.76,433,198458.12,11,35,FALSE,4004.658738,615.5107608,No
Sai Chatterjee,Varanasi,506490.68,413,91112.8,23,50,FALSE,5163.603206,1699.830177,No
Sai Reddy,Aligarh,1179181.11,609,253409.39,8,60,TRUE,1979.320195,1962.797956,No
Sneha Yadav,Chennai,357652.43,665,153388.15,37,45,FALSE,4210.034678,819.8079631,No
Ananya Pandey,Raipur,969804.4,700,269943.05,2,55,FALSE,3478.988537,878.1118816,No
Meera Singh,Chandigarh,767350.88,808,365824.57,21,85,TRUE,3338.691332,1776.46955,Yes
Tanvi Pandey,Rajkot,924022.59,390,450464.85,40,35,FALSE,5006.103134,2811.689902,No
Divya Mishra,Noida,1115696.17,658,288613.35,6,60,TRUE,1637.42535,1881.581668,Yes
Pooja Joshi,Bhopal,1167498.63,804,244129.42,22,75,TRUE,3361.469706,2487.96754,No
Ishita Pandey,Indore,283574.37,334,58222.1,1,40,FALSE,2809.013297,1251.701784,No
Tanvi Jain,Raipur,731903.83,376,104373.11,5,20,FALSE,3894.830355,2614.417451,No
Naveen Ghosh,Nagpur,372947.19,744,69325.52,3,75,TRUE,3084.74396,2482.410295,Yes
Ananya Reddy,Coimbatore,729043.83,543,29625.06,3,50,FALSE,3121.537067,2659.852348,No
Sneha Nair,Kolkata,560861.5,601,95011.71,40,65,TRUE,2571.042257,632.2445495,No
Vihaan Das,Aligarh,799508.97,383,303257.49,7,50,FALSE,2341.235246,1478.740516,Yes
Tanvi Nambiar,Hubballi,434955.15,696,80679.81,23,80,TRUE,1973.646098,2320.253375,Yes
Ananya Verma,Delhi,1041634.42,531,431423.64,36,25,FALSE,5292.148418,1419.356275,No
Praveen Reddy,Chennai,1048776.14,723,162932.53,14,50,FALSE,2723.954271,2334.365558,No
Praveen Nambiar,Indore,1190398.2,541,196634.31,19,50,FALSE,3711.409477,1211.822337,Yes
Sneha Yadav,Dehradun,1134165.4,759,417787.12,10,90,TRUE,3482.040136,2170.383795,Yes
Divya Mishra,Meerut,953420.12,506,89563.22,9,45,FALSE,4789.391626,2085.086669,Yes
Sai Pandey,Nagpur,225801.19,633,247774.45,33,40,FALSE,3425.281969,2901.107349,No
Riya Verma,Rajkot,592980.31,451,189970.66,37,25,FALSE,2420.282138,3313.723532,No
Aditi Tiwari,Visakhapatnam,434549.37,848,304511.56,26,95,TRUE,2915.850208,2309.249322,Yes
Rohan Pillai,Mysuru,1055410.66,712,467385.21,39,85,TRUE,1410.046858,2192.312634,No
Arjun Sharma,Ahmedabad,447725.35,786,221222.87,23,75,TRUE,1622.608855,1701.815103,Yes
Sanjay Nair,Nashik,838105.45,533,367824.47,19,45,FALSE,4026.141772,3093.766398,No
Tanvi Rao,Bhopal,624790.67,492,339032.43,13,45,FALSE,3654.400526,3003.046719,No
Priya Jain,Surat,315489.65,462,181128.91,19,55,FALSE,906.1780954,1124.948408,Yes
Arjun Singh,Madurai,692370.11,359,347014.1,2,40,FALSE,1595.325979,3098.475239,No
Karthik Rao,Delhi,1011347.62,817,352779.08,40,75,TRUE,3564.58208,2134.723517,Yes
Naveen Menon,Bengaluru,901468.23,785,495029.75,35,85,TRUE,1157.039799,1011.880344,No
Sneha Thakur,Srinagar,982326.31,466,466763.19,13,40,FALSE,2334.116308,691.2848056,No
Sanjay Pillai,Coimbatore,261200.87,320,141185.02,0,35,FALSE,2768.488694,2597.266088,No
Aarav Gupta,Kanpur,631891.32,581,257529.23,24,40,FALSE,4742.167091,2224.256239,No
Vikram Iyer,Ranchi,561966.44,404,186737.19,32,50,FALSE,3174.037415,1620.725262,No
Praveen Rao,Gwalior,671841.44,793,235644.11,21,90,TRUE,1925.352703,2004.097416,Yes
Sanjay Thakur,Mangalore,1035587.57,546,400748.86,38,35,FALSE,4966.483839,1366.135213,No
Meera Gupta,Rajkot,880396.31,565,37430.65,25,45,FALSE,3696.411365,1970.414692,No
Pooja Pandey,Vijayawada,955282.29,527,424839.81,34,35,FALSE,4322.770665,1373.646044,No
Aditya Iyer,Gurugram,584928.44,485,203044.11,6,50,FALSE,4724.604661,2753.604508,No
Aditi Chatterjee,Amritsar,772754.5,391,115090.87,22,55,FALSE,1774.817607,1078.526628,No
Rajesh Gupta,Chennai,895724.64,601,406660.63,7,55,FALSE,5445.549367,3284.89686,No
Praveen Yadav,Jamshedpur,1194979.94,422,206231.22,24,35,FALSE,3128.873179,2122.415959,No
Priya Menon,Coimbatore,812714.42,650,22669.4,36,60,TRUE,4287.149848,2697.585312,No
Aditya Patel,Lucknow,523679.71,640,309138.81,11,65,TRUE,3360.587675,2422.610682,Yes
Aarav Jain,Delhi,440651.23,462,354880.57,5,45,FALSE,5072.387907,1593.769917,No
Vihaan Bose,Jaipur,945723.01,304,81352.19,34,60,TRUE,2654.57049,1485.750131,Yes
Sanjay Yadav,Mysuru,840866,495,112992.64,0,45,FALSE,1372.047305,3158.47786,No
Aditi Das,Jodhpur,799817.73,692,298423.81,37,75,TRUE,2274.849752,443.8063468,Yes
Ishita Menon,Chennai,931587.15,836,357522.15,27,95,TRUE,2884.756746,836.008211,No
Karthik Iyer,Surat,439262.45,468,499171.93,1,30,FALSE,3700.676272,3161.887309,No
Aditi Jain,Dehradun,981819.41,675,25374.97,2,50,FALSE,5134.164363,2806.2059,No
Aditya Rao,Chennai,291560.01,320,154645.44,7,45,FALSE,1358.408193,224.5696017,No
Aarav Rao,Nashik,826137.11,309,192223.37,26,40,FALSE,2374.288154,2942.904218,No
Naveen Patel,Ranchi,710440.33,407,488351.49,39,35,FALSE,3970.10502,734.8450809,No
Naveen Joshi,Kozhikode,172150.83,569,339115.51,12,25,FALSE,984.1580651,1722.599528,No
Ishita Rao,Varanasi,660097.26,638,174441.02,0,55,FALSE,678.5018045,2571.104866,No
Praveen Pillai,Pune,941422.69,823,155784.96,6,95,TRUE,1006.528536,629.618752,No
Meera Menon,Pune,784624.68,402,69281.13,2,45,FALSE,5064.200076,2973.127967,Yes
Rohan Nair,Kanpur,941766.29,346,334503.64,8,35,FALSE,4060.298291,1177.804181,No
Krishna Yadav,Jodhpur,216697.22,395,187822.19,21,55,FALSE,1424.210944,864.3317893,Yes
Rajesh Chatterjee,Bengaluru,1005390.31,731,73388.36,10,60,TRUE,1729.299783,1903.34135,No
Pooja Nambiar,Lucknow,998745.14,794,142372.37,28,60,TRUE,3317.684324,2261.210083,Yes
Aarav Reddy,Mysuru,594050.03,794,177711.16,7,55,FALSE,1010.191513,1441.597292,No
Aarav Rao,Rajkot,430435.22,529,259191.32,21,45,FALSE,1405.744962,1632.763458,No
Aditi Ghosh,Visakhapatnam,1178061.87,793,491789.58,24,80,TRUE,3622.308003,2605.810846,Yes
Tanvi Menon,Gurugram,1023862.94,817,194017.74,31,85,TRUE,3138.812291,576.3682476,Yes
Aditi Bose,Lucknow,876700.21,351,361673.89,14,55,FALSE,1302.230051,2917.799493,No
Sai Reddy,Mysuru,442051.61,758,328135.91,31,90,TRUE,3441.699726,890.8377549,Yes
Riya Mishra,Bengaluru,690183.92,300,364165.51,38,45,FALSE,3197.219969,2797.561588,No
Riya Iyer,Visakhapatnam,269285.48,649,451306.42,3,30,FALSE,3864.423757,526.5425683,No
Sai Rao,Mysuru,984313.88,763,214506.23,6,85,TRUE,3065.824964,427.9452241,Yes
Sai Tiwari,Thiruvananthapuram,840144.39,408,181611.16,10,40,FALSE,1857.894916,2017.649525,No
Karthik Pandey,Amritsar,998623.29,423,427635.41,13,55,FALSE,4946.029184,2297.220387,No
Rakesh Pandey,Kanpur,657724.98,426,138516.76,29,35,FALSE,2283.017092,266.8715886,No
Divya Yadav,Visakhapatnam,534160.59,743,146968.28,30,60,TRUE,2293.507216,2416.710649,No
Tanvi Sharma,Chandigarh,1021651.98,406,115641.53,38,55,FALSE,2360.371721,2788.133773,No
Vihaan Joshi,Ahmedabad,378582.34,580,402713.13,21,40,FALSE,5113.123581,1384.234989,No
Vihaan Tiwari,Thiruvananthapuram,790889.32,606,74465.65,35,65,TRUE,3798.362303,721.2377774,Yes
Riya Pandey,Bhubaneshwar,1065518.35,597,292414.17,22,65,TRUE,3701.121621,1801.40192,Yes
Priya Pandey,Vadodara,311253.91,630,103110.27,7,45,FALSE,4663.787767,1018.454676,No
Rajesh Mishra,Chandigarh,645573.14,592,283378.41,0,45,FALSE,3094.783473,898.5100091,Yes
Arjun Kumar,Shimla,1150729.5,593,149165.63,16,40,FALSE,3706.315834,2792.596771,No
Riya Sharma,Raipur,741859.72,667,203891.97,6,65,TRUE,4150.93908,2455.450121,No
Praveen Joshi,Thiruvananthapuram,198581.7,698,258058.5,32,80,TRUE,937.6869831,1814.558617,Yes
Rajesh Reddy,Dehradun,959291.58,355,351742.64,16,50,FALSE,1331.60666,2266.388062,No
Ishita Das,Bhopal,425400.32,501,61021.65,12,45,FALSE,1994.449294,3120.740537,No
Riya Chatterjee,Dehradun,876037.03,422,285950.26,2,45,FALSE,5367.143182,3274.94415,No
Vikram Mishra,Mangalore,336267.56,458,307313.95,9,30,FALSE,1368.340241,1954.876997,Yes
Meera Pandey,Ahmedabad,499917.62,666,478829.79,20,75,TRUE,816.6316805,1879.992522,Yes
Sneha Yadav,Mangalore,967740.12,713,349902.95,22,60,TRUE,3996.866296,1149.627826,Yes
Rohan Pillai,Ahmedabad,866699.15,786,372354.45,0,60,TRUE,4213.820729,687.5665741,Yes
Priya Sharma,Jamshedpur,1079251.84,628,194085.06,7,65,TRUE,2752.50556,1943.393352,No
Rakesh Jain,Agra,384895.61,756,133534.42,2,75,TRUE,2041.465686,1050.401043,No
Sai Sharma,Agra,616602.87,846,150959.53,40,100,TRUE,1086.208045,779.8542197,Yes
Sanjay Bose,Srinagar,161017.01,850,426204.41,27,80,TRUE,2989.204587,412.8351068,Yes
Rohan Tiwari,Amritsar,349534.79,639,251375.52,5,60,TRUE,3477.891966,1407.517057,No
Rajesh Verma,Amritsar,1042907.36,717,357402.45,28,60,TRUE,595.823485,992.7009242,Yes
Sai Reddy,Kochi,651833.92,346,188202.86,4,25,FALSE,3913.429738,1518.890581,No
Vihaan Jain,Ahmedabad,578905.14,748,330703.31,25,90,TRUE,4255.460756,1620.493018,Yes
Vikram Thakur,Hubballi,680872.56,602,476194,9,60,TRUE,2999.33483,1729.21681,Yes
Aarav Ghosh,Madurai,1189594.03,444,34852.4,2,35,FALSE,4565.214765,2041.427813,No
Rohan Das,Gurugram,699670.83,516,48827.43,32,35,FALSE,4073.120724,470.7874076,No
Karthik Gupta,Rajkot,1169946.71,355,156822.89,29,35,FALSE,1898.206378,1935.509402,No
Sanjay Verma,Chennai,1156554.83,798,245776.48,22,80,TRUE,2912.271298,2223.187105,Yes
Riya Singh,Visakhapatnam,877100.04,636,155986.77,19,40,FALSE,1701.521164,2834.536032,Yes
Ananya Mishra,Rajkot,670526.66,304,70659.93,15,55,FALSE,2897.631014,2692.659397,No
Meera Bose,Hyderabad,609983.16,639,357711.82,29,65,TRUE,3295.284055,1994.708483,Yes
Sai Reddy,Vijayawada,915668.28,587,21637.36,34,60,TRUE,3538.40917,1018.735785,No
Ananya Verma,Dehradun,1027629.14,714,88812.59,13,65,TRUE,1510.942417,2713.603772,No
Aditi Rao,Udaipur,1123210.21,674,421455.25,14,65,TRUE,1051.401235,401.5663686,Yes
Rakesh Sharma,Pune,770812.93,392,100318,23,55,FALSE,5446.45702,3198.833359,No
Praveen Chatterjee,Lucknow,952388.66,756,480565.94,11,65,TRUE,1358.822562,439.0235084,No
Karthik Yadav,Kozhikode,683836.32,667,417142.89,14,50,FALSE,3486.790372,1807.431547,No
Tanvi Verma,Hubballi,1057781.74,830,158957.85,24,85,TRUE,3268.700585,1493.737964,Yes
Naveen Nair,Rajkot,562315.73,580,122485.96,16,60,TRUE,3410.609951,761.8978663,Yes
Aditi Nair,Srinagar,430698.17,829,279346.43,24,95,TRUE,1895.747115,2147.357472,Yes
Riya Chatterjee,Noida,675324.08,306,236045.14,8,20,FALSE,1806.118156,1741.37169,No
Priya Mishra,Ranchi,597637.72,461,278249.65,38,25,FALSE,3707.319875,1850.588598,No
Riya Joshi,Bhopal,464934.03,790,112828.51,13,85,TRUE,2735.018956,1419.682702,Yes
Arjun Pillai,Visakhapatnam,946783.87,464,158865.97,40,45,FALSE,1968.984274,2389.967699,No
Aarav Thakur,Mangalore,912741.79,829,447833.75,38,85,TRUE,1879.14371,2558.156978,No
Aditi Das,Raipur,1088085.91,759,55077.59,30,70,TRUE,3446.552407,2560.131875,No
Praveen Iyer,Tiruchirappalli,641777.18,486,50139.15,32,25,FALSE,3232.960513,1543.977981,No
Aditi Menon,Chennai,167755.88,535,271552.93,24,45,FALSE,4608.315963,1284.710879,Yes
Ananya Reddy,Mysuru,205641.11,481,359525.65,39,55,FALSE,2074.521531,1507.466697,No
Krishna Nambiar,Delhi,372162.86,301,438740.81,27,25,FALSE,2500.806797,862.0942727,No
Krishna Ghosh,Ranchi,953877.64,690,282131.48,37,80,TRUE,1590.114159,613.2585305,Yes
Arjun Tiwari,Kochi,637136.1,538,347368.18,18,45,FALSE,1113.896515,2170.039208,No
Sanjay Nambiar,Madurai,172176.23,835,185145.75,33,90,TRUE,1935.6851,1112.024705,Yes
Praveen Chatterjee,Rajkot,526280.94,458,279267.1,37,35,FALSE,1092.678685,2625.671004,No
Krishna Pandey,Vadodara,1053063.57,508,176840,35,35,FALSE,5533.3224,1638.619012,No
Karthik Tiwari,Hubballi,1043847.33,652,266113.38,25,55,FALSE,1981.529125,445.0398416,No
Sneha Patel,Nagpur,370723.04,465,233346.29,13,60,TRUE,1495.088897,1507.563004,Yes
Riya Singh,Salem,257239.61,393,467540.72,30,55,FALSE,2583.9495,1309.670322,No
Rajesh Patel,Kozhikode,750189.92,833,274886.51,38,95,TRUE,3222.850497,1680.132617,Yes
Rohan Bose,Agra,1125404.22,830,188849.22,12,80,TRUE,3479.349824,1668.064848,Yes
Rajesh Iyer,Thiruvananthapuram,291093.29,336,101121.71,15,55,FALSE,2621.493545,3130.914358,No
Rakesh Kumar,Bengaluru,280032.69,704,94793.13,37,80,TRUE,3079.58387,223.5996085,Yes
Aarav Pandey,Vadodara,635652.71,656,239419.96,17,70,TRUE,2326.502173,2289.093318,Yes
Rohan Mishra,Thiruvananthapuram,1193626.75,479,457565.57,32,45,FALSE,5116.378322,1273.312119,Yes
Praveen Verma,Pune,1088082.29,850,434567.7,16,65,TRUE,1108.716507,475.1248848,Yes
Sanjay Jain,Delhi,184044.91,769,305726.04,29,85,TRUE,3863.858184,1396.670274,No
Praveen Nambiar,Gwalior,1005208.21,535,175513.46,26,55,FALSE,5114.273036,1378.557464,Yes
Priya Tiwari,Ranchi,236809.43,708,359297.32,21,70,TRUE,3621.493284,2196.415761,No
Sanjay Singh,Ahmedabad,884458.24,575,129036.84,12,45,FALSE,5254.073632,1169.00205,No
Vihaan Pandey,Srinagar,888101.26,664,48845.58,6,70,TRUE,1518.799537,2338.056486,No
Rakesh Kumar,Gwalior,266984.8,343,72607.7,23,25,FALSE,4641.572649,3126.038361,No
Karthik Pillai,Rajkot,1040423.45,586,218350.95,14,70,TRUE,1497.57958,1686.623077,Yes
Rakesh Nambiar,Lucknow,1186950.75,333,296520.28,22,25,FALSE,1073.805263,1278.098562,Yes
Priya Das,Patna,513353.07,308,394443.11,13,50,FALSE,1466.113842,523.2248161,No
Vihaan Reddy,Guwahati,1000677.76,542,236441.25,30,25,FALSE,2101.687082,1021.973038,Yes
Rohan Verma,Amritsar,458470.24,673,336409.19,17,80,TRUE,2151.769235,2385.265556,Yes
Ananya Sharma,Hyderabad,489601.15,576,280131.2,35,30,FALSE,4053.312276,2295.702409,No
Meera Gupta,Visakhapatnam,151082.6,480,383394.96,31,55,FALSE,2843.841092,1400.910787,No
Meera Menon,Madurai,1191384.93,556,235252.26,36,50,FALSE,5463.977071,740.731479,No
Rohan Patel,Jodhpur,814288.04,398,391147.79,21,35,FALSE,1068.411576,1216.491712,No
Sanjay Menon,Ranchi,501339.3,424,383418.1,38,40,FALSE,1876.038092,2817.830088,No
Meera Nambiar,Mumbai,712812.55,632,295080.56,32,50,FALSE,2269.037478,404.9319375,No
Tanvi Bose,Varanasi,481749.77,471,189510.95,21,50,FALSE,4475.195181,1393.784513,No
Rakesh Ghosh,Amritsar,640284.77,621,335110.12,18,55,FALSE,1518.11321,2425.03841,No
Aditya Rao,Chandigarh,745853.12,833,286445.1,26,95,TRUE,1252.299323,2472.114489,Yes
Aditi Ghosh,Udaipur,409068.84,381,429841.8,10,45,FALSE,669.2895023,2807.727519,No
Rakesh Das,Bengaluru,796042.81,706,422453.28,5,55,FALSE,2982.640802,2025.913106,Yes
Pooja Verma,Bhopal,826713.96,590,258344.35,40,65,TRUE,3585.704262,297.8489713,No
Tanvi Iyer,Jaipur,908082.14,787,38909.94,34,85,TRUE,2225.374672,2116.829848,Yes
Pooja Iyer,Udaipur,873026.64,745,36522.5,40,90,TRUE,4425.850247,1004.946511,Yes
Priya Kumar,Tiruchirappalli,877984.24,615,457374.66,26,55,FALSE,3706.416844,1116.187724,No
Praveen Kumar,Tiruchirappalli,594547.11,847,169623.45,31,95,TRUE,3445.543518,795.1454743,Yes
Aditya Chatterjee,Tiruchirappalli,700034.69,307,450633.58,23,45,FALSE,5216.25283,2793.326821,No
Pooja Pandey,Bengaluru,216606.76,699,498528.37,14,60,TRUE,2950.509527,1695.2698,Yes
Divya Joshi,Shimla,994498.24,575,359162.65,12,55,FALSE,2003.010125,3065.865883,No
Priya Thakur,Shimla,950646.2,803,386812.07,20,100,TRUE,3767.971502,571.2486773,No
Pooja Mishra,Srinagar,465738.79,428,363100.22,28,50,FALSE,1848.603569,2361.296859,No
Ananya Tiwari,Kanpur,1127625.06,619,204431.24,23,40,FALSE,4319.968643,2145.39076,No
Ishita Thakur,Dehradun,686672.45,701,207475.16,34,60,TRUE,3593.117735,1894.595401,Yes
Meera Jain,Amritsar,804643.81,554,478698.39,28,55,FALSE,4467.94789,2622.010815,No
Riya Kumar,Amritsar,295034.11,784,335941.84,19,80,TRUE,1670.70947,680.4442309,Yes
Rakesh Kumar,Raipur,546057.74,503,301506.55,3,45,FALSE,4410.489315,2680.598079,No
Aditya Chatterjee,Raipur,739876.21,582,132461.32,7,45,FALSE,4125.433244,1732.808664,No
Riya Singh,Agra,776392.21,680,96868.81,15,60,TRUE,2770.921604,1076.437196,Yes
Vihaan Iyer,Mumbai,808281.34,849,181254.14,8,65,TRUE,890.5353178,1907.967104,Yes
Riya Menon,Delhi,736802.1,497,183421.17,24,50,FALSE,1970.349108,735.0726028,No
Aditi Nair,Guwahati,330598.24,601,426084.67,31,65,TRUE,2891.575441,710.2533143,Yes
Sneha Tiwari,Jaipur,780608.13,464,101116.4,33,35,FALSE,3523.7085,623.667862,Yes
Aditya Verma,Shimla,371690.73,688,450779.41,11,70,TRUE,808.8372129,1812.016551,Yes
Aarav Tiwari,Mumbai,365132.87,696,354336.08,33,70,TRUE,3092.687995,896.0280041,Yes
Praveen Jain,Jamshedpur,198042.9,413,306264.96,33,45,FALSE,1331.940156,2719.034385,No
Pooja Iyer,Salem,991761.06,409,101032.91,12,50,FALSE,5391.448628,1491.789627,No
Divya Menon,Jamshedpur,609310.56,562,486491.29,23,55,FALSE,1810.182472,948.099453,No
Aarav Thakur,Chandigarh,241961.91,381,254487.14,40,50,FALSE,5325.339729,2750.410607,No
Ishita Nambiar,Agra,599183.73,572,258897.69,2,40,FALSE,4581.603694,3039.49136,No
Rakesh Das,Jodhpur,1102593.84,536,247646.99,24,40,FALSE,3651.10465,1829.243377,No
Sanjay Mishra,Thiruvananthapuram,813624.48,725,433224.1,6,65,TRUE,904.0595367,1409.970161,No
Ishita Nair,Tiruchirappalli,216220.19,484,255938.56,25,25,FALSE,3679.456925,3203.379198,Yes
Rakesh Singh,Kolkata,619418.49,632,415139.07,26,40,FALSE,4878.075903,3070.347289,No
Naveen Nair,Bhubaneshwar,559866.69,684,86158.07,16,50,FALSE,4692.283351,364.152358,No
Ishita Das,Patna,1177298.7,316,190672.01,8,50,FALSE,3285.768695,3048.345101,No
Sanjay Verma,Vijayawada,634948.19,823,42034.5,36,90,TRUE,2797.705403,633.741838,Yes
Rakesh Nambiar,Thiruvananthapuram,604599.83,675,282277.17,15,75,TRUE,1321.8672,960.4435564,No
Arjun Iyer,Jaipur,343428.31,379,158911.17,20,25,FALSE,3739.685032,3137.231576,No
Riya Chatterjee,Tiruchirappalli,640974.67,690,360034.51,3,75,TRUE,1895.052641,1781.86619,Yes
Rakesh Rao,Mysuru,884142.81,532,490397.94,38,25,FALSE,4047.314316,1957.610924,No
Sanjay Ghosh,Shimla,844417.14,453,36516.15,32,55,FALSE,5263.716908,2539.493006,No
Praveen Nair,Ahmedabad,1120432.2,816,487200.51,14,95,TRUE,652.9442062,1618.879885,Yes
Aarav Sharma,Jamshedpur,805943.61,350,332970.64,25,50,FALSE,2563.323559,855.978087,No
Priya Singh,Surat,908214.12,502,105859.22,25,50,FALSE,2791.504035,2269.755845,No
Riya Rao,Coimbatore,870881.29,740,185152.69,36,60,TRUE,469.992721,455.7006368,No
Rakesh Joshi,Meerut,627603.51,324,462388.24,10,50,FALSE,3596.854216,690.2194702,Yes
Sanjay Thakur,Hubballi,522321.98,539,376298.48,23,30,FALSE,1397.308492,520.4099539,No
Praveen Das,Aurangabad,963261.05,594,43898.17,21,55,FALSE,1683.600807,383.4816836,No
Pooja Iyer,Lucknow,402990.82,516,340206.24,34,45,FALSE,2660.554239,3263.005732,No
Aditya Bose,Patna,370087.25,318,108645.39,37,45,FALSE,5357.963097,2193.71104,No
Vihaan Rao,Surat,947849.07,354,321430.77,0,40,FALSE,3871.641636,987.4341087,Yes
Ananya Patel,Visakhapatnam,1196486.39,599,221917.8,24,65,TRUE,2331.811702,1973.460439,Yes
Aditi Kumar,Guwahati,438102.46,390,184277.63,12,60,TRUE,677.4274918,262.2916401,Yes
Rakesh Bose,Bengaluru,535749.45,612,436034.57,31,40,FALSE,4996.350198,1785.62811,No
Arjun Reddy,Guwahati,656511.53,541,273809.49,17,55,FALSE,4807.251391,1662.939044,No
Sneha Kumar,Pune,377572.75,455,98365.27,25,45,FALSE,4835.033861,2863.653187,No
Priya Sharma,Meerut,676716.7,456,238071.6,19,35,FALSE,2322.517065,1323.430965,No
Karthik Yadav,Bengaluru,530896.96,507,269881.69,19,60,TRUE,2493.026969,2206.597469,Yes
Sneha Thakur,Thiruvananthapuram,594850.05,461,456507.29,4,30,FALSE,1156.025513,2100.079707,No
Riya Chatterjee,Guwahati,875312.67,330,134790.07,26,55,FALSE,986.1485261,1746.772137,No
Arjun Mishra,Rajkot,581938.3,409,188808.26,11,35,FALSE,1036.386022,953.0852461,Yes
Meera Pillai,Kanpur,776388.13,326,65363.89,5,40,FALSE,2743.55112,1904.216702,No
Rajesh Bose,Lucknow,652977.87,488,111129.86,31,55,FALSE,3442.144897,1089.68102,No
Sanjay Yadav,Delhi,363002.05,576,494997.7,14,50,FALSE,2470.845604,647.9866214,No
Vikram Gupta,Delhi,608780.11,801,210872.62,20,90,TRUE,1826.988651,1199.304606,Yes
Riya Verma,Amritsar,502059.2,620,43620.78,39,70,TRUE,3895.327638,982.6806374,Yes
Sai Bose,Guwahati,1100327.32,343,314668.01,33,50,FALSE,3600.620245,1794.564996,No
Vikram Nambiar,Srinagar,1036351.2,494,178294.28,28,55,FALSE,5197.021916,2309.327622,No
Ishita Menon,Aligarh,969151.93,355,143214.85,33,50,FALSE,2849.39317,3128.368405,No
Rohan Nambiar,Kolkata,373533.93,438,282637.55,26,35,FALSE,5067.940792,2927.559099,No
Priya Reddy,Aurangabad,433623.55,631,255607.71,10,50,FALSE,1352.754067,528.5149223,No
Karthik Nair,Coimbatore,570065.83,836,272846.75,24,90,TRUE,2047.22987,430.4625855,Yes
Sai Yadav,Thiruvananthapuram,471528.57,344,181398.13,21,45,FALSE,2803.061778,2837.177959,No
Ishita Thakur,Delhi,687753.18,352,399413.2,19,55,FALSE,4434.174258,3201.912328,Yes
Vikram Kumar,Mangalore,905365.41,507,82823.86,39,60,TRUE,1777.516519,2191.928214,Yes
Karthik Pillai,Srinagar,501376.34,805,359359.58,13,80,TRUE,683.9576809,1673.701256,Yes
Aarav Pillai,Varanasi,548639.49,584,468082.27,40,65,TRUE,1048.656213,1310.951053,Yes
Sanjay Verma,Kolkata,869937.72,337,233154.38,2,40,FALSE,3044.114899,1110.035116,No
Rajesh Kumar,Delhi,568386.1,465,193824.08,18,25,FALSE,1415.009379,2226.935853,No
Rajesh Patel,Kochi,187019.33,668,324816.36,5,60,TRUE,3893.974909,2307.745858,Yes
Rohan Patel,Bengaluru,1141987.8,366,458574.77,30,55,FALSE,5403.380791,2681.12187,No
Ananya Jain,Madurai,658016.61,359,388209.92,36,45,FALSE,2787.52603,272.9609582,No
Tanvi Bose,Kolkata,672259.4,737,466853.57,20,75,TRUE,1482.440658,1803.281336,Yes
Divya Reddy,Chandigarh,339986.96,832,45431.25,40,80,TRUE,681.6477326,239.181007,Yes
Riya Verma,Visakhapatnam,1115662.5,776,220913.17,7,80,TRUE,786.9717914,1038.389323,Yes
Ishita Nair,Visakhapatnam,650446.22,658,71578.87,40,65,TRUE,3318.93755,1744.930929,No
Sneha Sharma,Coimbatore,556870.11,607,311765.36,35,70,TRUE,2164.719999,2347.690199,Yes
Pooja Chatterjee,Vijayawada,1119714.24,329,335162.86,12,60,TRUE,2968.087189,1625.557539,Yes
Pooja Nair,Meerut,568274.71,793,378000.1,40,95,TRUE,3370.949746,1728.294714,Yes
Sai Patel,Gwalior,1148605.04,357,262286.92,19,35,FALSE,4021.900695,1635.829544,No
Sai Thakur,Vadodara,803461.08,662,172846.88,9,60,TRUE,1603.794907,836.9345417,No
Meera Singh,Mysuru,370848.18,491,62701.52,7,30,FALSE,4819.268226,3020.7145,Yes
Ananya Reddy,Bhopal,1147590,723,497683.77,31,85,TRUE,2357.392859,1101.164173,No
Sanjay Ghosh,Vijayawada,662656.9,479,259987.97,23,60,TRUE,2409.780146,2365.016325,No
Naveen Yadav,Aligarh,384609.85,812,190803.41,12,70,TRUE,1653.590525,1643.687096,No
Rajesh Menon,Chandigarh,431942.25,400,374236.89,8,35,FALSE,2012.876396,2663.146685,No
Riya Singh,Shimla,267685.3,389,66383.55,29,55,FALSE,3256.502749,1337.412177,No
Riya Joshi,Nashik,1056817.46,514,97196.76,12,25,FALSE,2799.557546,1032.698667,Yes
Sanjay Kumar,Patna,467608.53,452,144642.64,17,60,TRUE,1591.8832,604.38846,No
Rajesh Sharma,Chandigarh,822951.68,626,51414.01,9,60,TRUE,4160.947092,1649.339786,Yes
Ishita Nair,Mysuru,683582,646,356734.7,28,50,FALSE,5283.639696,1933.12412,Yes
Praveen Bose,Shimla,715650.65,736,363740.58,11,60,TRUE,1587.296133,1710.493084,Yes
Krishna Kumar,Shimla,527899.41,640,226626.73,34,70,TRUE,3372.906015,776.9685047,No
Vihaan Menon,Gurugram,929552.19,779,451401.81,29,90,TRUE,2404.50816,1409.746166,No
Naveen Verma,Kolkata,1109602.54,447,421962.67,16,40,FALSE,3011.825937,1733.231061,No
Sai Rao,Kozhikode,168905.86,764,209291.18,1,55,FALSE,712.0762933,1640.951571,No
Riya Thakur,Pune,955544.32,430,286699.44,6,50,FALSE,4444.273422,2323.726967,No
Riya Patel,Thiruvananthapuram,228093.48,710,439263,26,75,TRUE,2921.297709,2066.094397,No
Vihaan Das,Kozhikode,273061.56,513,426029.38,37,50,FALSE,4585.690401,2285.040759,Yes
Vikram Das,Bhubaneshwar,532399.63,477,31915.78,4,25,FALSE,4053.718788,1629.054543,Yes
Naveen Yadav,Vijayawada,811493.26,399,274883.26,11,35,FALSE,4971.258965,1430.400431,No
Krishna Reddy,Jaipur,938100.42,392,185514.36,8,20,FALSE,3507.074285,1282.228176,No
Vihaan Ghosh,Lucknow,197827.91,763,61524.23,18,85,TRUE,4123.237621,622.8638608,No
Sneha Sharma,Patna,868372.82,745,435508.75,22,70,TRUE,3819.499168,807.7055637,Yes
Rajesh Iyer,Patna,1173924.65,678,149688.99,3,55,FALSE,5009.254507,3058.015516,Yes
Riya Joshi,Indore,1102062.96,540,338620.82,37,35,FALSE,4676.816446,1413.386172,No
Vihaan Thakur,Varanasi,1130813.86,477,476054.69,8,30,FALSE,5145.023001,586.9459615,No
Pooja Tiwari,Tiruchirappalli,1007528.18,437,343654.41,4,50,FALSE,2711.694315,1816.743667,No
Karthik Bose,Delhi,495241.43,386,434223.89,26,30,FALSE,1359.693795,2908.120765,No
Priya Jain,Hubballi,870414.67,821,401058.69,35,95,TRUE,3361.177659,2344.315115,Yes
Aarav Tiwari,Vijayawada,289810.79,810,456312.66,15,75,TRUE,1283.405905,2097.141918,Yes
Divya Patel,Salem,322952.79,794,361884.47,23,75,TRUE,4411.503659,2440.507178,No
Divya Nair,Kozhikode,1190306.51,586,423048.42,33,65,TRUE,3025.154712,630.5852782,No
Pooja Verma,Patna,230600.15,619,267830.86,3,45,FALSE,2423.070538,2204.386159,Yes
Sai Ghosh,Udaipur,819927.75,639,313132.34,22,60,TRUE,670.9386406,729.8183078,No
Vikram Verma,Surat,864422.68,473,22879.48,3,40,FALSE,4265.48755,2590.107178,No
Meera Pillai,Kozhikode,651321.7,817,140172.34,17,100,TRUE,2181.690549,883.9054192,Yes
Pooja Gupta,Ahmedabad,341420.57,478,422711.25,9,45,FALSE,4128.020732,3117.596707,No
Krishna Singh,Thiruvananthapuram,226110.84,840,355391.04,21,90,TRUE,1104.349414,572.3630893,No
Ishita Mishra,Thiruvananthapuram,987301.75,692,442216.35,28,50,FALSE,4965.549956,2719.105823,No
Karthik Chatterjee,Amritsar,391553.42,418,118141.88,10,40,FALSE,1344.242467,3062.335907,No
Divya Reddy,Nashik,786770.86,699,128234.15,16,80,TRUE,2144.678435,1676.987103,Yes
Ishita Joshi,Rajkot,735743.27,842,365635.73,2,65,TRUE,4205.932834,1875.45923,No
Sai Joshi,Kanpur,808328.34,643,147207.61,17,55,FALSE,3946.507561,796.6177979,No
Sai Sharma,Dehradun,911225.28,499,185028.4,21,50,FALSE,4785.946381,404.2763951,No
Pooja Pandey,Udaipur,1191970.24,312,391838.01,6,30,FALSE,1133.091987,370.3640448,Yes
Sneha Patel,Meerut,236604.7,324,442664.38,5,20,FALSE,3219.75505,2183.545958,No
Praveen Reddy,Delhi,706234.46,422,291342.43,38,35,FALSE,4116.134157,1774.74993,Yes
Karthik Ghosh,Coimbatore,308227.79,559,21524.93,29,55,FALSE,3368.625603,2944.011545,No
Rajesh Iyer,Chandigarh,804795.73,563,492170.05,4,40,FALSE,2833.465664,3191.746205,No
Krishna Singh,Madurai,334554.06,482,273364.38,4,35,FALSE,2524.361101,1047.727949,No
Rohan Patel,Vijayawada,408141.61,741,190120.82,39,90,TRUE,2532.327283,1440.895269,Yes
Priya Verma,Coimbatore,361011.38,556,42960.38,1,40,FALSE,2961.873144,2601.642697,No
Aarav Kumar,Kochi,361533.46,637,106696.2,36,55,FALSE,3190.014299,863.5227686,No
Karthik Mishra,Mysuru,481679.9,531,374167.9,24,55,FALSE,5144.298517,1897.199076,No
Arjun Chatterjee,Meerut,795377.36,710,323081.01,40,85,TRUE,2897.650604,361.3119523,Yes
Rajesh Rao,Dehradun,342423.93,596,68350.13,12,55,FALSE,5256.997167,2514.67778,No
Rohan Chatterjee,Indore,408741.21,409,28528.34,22,25,FALSE,4401.134965,1491.347592,No
Aditya Reddy,Visakhapatnam,212470.72,544,22202.26,24,40,FALSE,5209.420771,2788.970717,No
Ananya Rao,Lucknow,709537.18,337,316136.86,3,45,FALSE,2775.806707,1797.148926,No
Aarav Verma,Visakhapatnam,727624.11,835,390977.42,34,90,TRUE,1592.380191,1706.488763,Yes
Vikram Tiwari,Bhopal,195575.75,782,478854.12,2,60,TRUE,3053.897917,1126.67576,Yes
Vikram Pillai,Coimbatore,1175211.61,767,98279.65,10,70,TRUE,694.6606882,2219.401543,Yes
Sanjay Das,Tiruchirappalli,506610.24,364,469308.15,27,30,FALSE,1206.099959,2302.606366,No
Praveen Thakur,Salem,151129.34,440,291416.63,13,55,FALSE,598.4742287,3145.743697,No
Rohan Chatterjee,Coimbatore,356257.49,472,37695.9,23,40,FALSE,1095.805393,1072.775061,No
Meera Verma,Dehradun,166312.55,461,114820.17,31,40,FALSE,5016.393663,514.8819962,No
Sneha Patel,Vadodara,700586.21,429,232877.26,9,45,FALSE,2968.110313,1012.436736,No
Tanvi Pandey,Mysuru,1197512.86,484,281288.54,31,50,FALSE,4006.019409,511.9449971,No
Vihaan Rao,Lucknow,654669.49,541,318110.95,7,50,FALSE,928.0352104,1864.923522,No
Sanjay Joshi,Ranchi,893418.24,513,73216.73,3,45,FALSE,2417.11518,626.7616851,No
Aditi Ghosh,Mangalore,1147299.4,344,242005.11,23,60,TRUE,1220.069515,604.4867261,Yes
Sneha Thakur,Chandigarh,537811.9,850,121718.24,10,100,TRUE,2989.321666,2179.411941,Yes
Naveen Patel,Noida,771275.03,633,201610.12,12,70,TRUE,1809.159887,1743.488042,No
Meera Das,Nagpur,329119.79,722,90172.79,24,80,TRUE,3625.557415,1003.522379,No
Krishna Reddy,Udaipur,964936.53,482,377117.4,23,35,FALSE,2578.719985,1758.851343,No
Rakesh Reddy,Bhubaneshwar,517373.13,332,27587.5,36,40,FALSE,4039.360963,382.7129039,No
Rajesh Menon,Bhubaneshwar,1134118.88,525,375034.24,38,50,FALSE,2952.507259,1597.917235,No
Arjun Das,Bengaluru,1094421.16,535,466424.54,26,35,FALSE,1329.959162,1824.222532,No
Praveen Chatterjee,Guwahati,522756.28,314,175946.1,27,45,FALSE,1660.042859,3347.43621,No
Aditya Singh,Agra,713587.02,305,68483.78,2,30,FALSE,2689.897513,2191.078448,No
Praveen Mishra,Noida,712765.72,400,158389.52,31,50,FALSE,1903.803613,2276.284395,No
Krishna Yadav,Tiruchirappalli,694218.29,667,152992.76,15,55,FALSE,666.3113915,2171.273452,Yes
Sai Singh,Agra,458642.82,324,259530.16,29,50,FALSE,4490.51613,3108.458654,No
Naveen Verma,Gurugram,970435.97,372,289939.44,21,55,FALSE,4222.876937,1034.670071,No
Rohan Iyer,Aurangabad,407337.16,643,326220.9,3,30,FALSE,2342.748237,1262.223338,No
Sanjay Joshi,Noida,674329.21,341,464212.9,23,55,FALSE,602.5521196,2635.95043,No
Rajesh Kumar,Kanpur,679973.49,544,147738.19,7,50,FALSE,801.5942581,1734.865373,Yes
Pooja Das,Gurugram,765867.19,530,184056.56,22,40,FALSE,3022.984365,1176.639142,No
Vihaan Gupta,Patna,705579.29,797,233457.84,33,80,TRUE,1509.111456,1275.243368,Yes
Karthik Sharma,Amritsar,545336.86,367,447034.59,29,45,FALSE,2941.37074,1553.483765,No
Sneha Joshi,Kochi,247569.35,451,329321.39,9,45,FALSE,5100.777852,829.9908482,No
Rajesh Pandey,Udaipur,956687.23,435,215172.45,22,45,FALSE,2257.308976,673.9853263,Yes
Rajesh Nambiar,Gwalior,290584.61,537,241240.22,21,35,FALSE,5096.395752,1180.433268,No
Aditya Menon,Hubballi,699240,755,287290.17,19,80,TRUE,2679.037038,757.0290663,Yes
Vikram Sharma,Lucknow,375597.87,595,123617.87,9,70,TRUE,2738.144786,1779.375123,Yes
Aditi Verma,Kozhikode,747145,486,385315.04,9,40,FALSE,3445.220264,574.5880966,No
Arjun Menon,Rajkot,1070647.36,488,490745.07,35,55,FALSE,2451.571795,2457.612551,No
Karthik Gupta,Chandigarh,814319.59,466,490048.77,19,25,FALSE,4602.748826,1027.387693,No
Ananya Thakur,Chennai,1127274.16,459,144031.5,34,50,FALSE,2782.264533,547.2182839,No
Ananya Gupta,Vijayawada,754128.92,450,61154.31,28,40,FALSE,3170.578205,3204.641464,No
Vikram Bose,Kochi,739325.53,756,369619.71,5,85,TRUE,1284.885942,1473.27297,Yes
Tanvi Das,Hyderabad,512446.01,584,209756.54,1,50,FALSE,4649.348693,2953.0123,No
Riya Reddy,Srinagar,893684.24,625,422575.75,38,65,TRUE,3716.023499,2108.549367,No
Vikram Rao,Nagpur,591627.74,678,434239.46,23,80,TRUE,1695.878936,1753.611364,Yes
Krishna Das,Agra,866326.67,520,101099.35,28,50,FALSE,2122.899456,1755.188013,No
Priya Gupta,Kolkata,976620.75,734,305702.09,26,60,TRUE,2744.845388,1552.139854,Yes
Aditi Menon,Shimla,1186897.11,837,447816.11,4,85,TRUE,2455.052613,890.5761751,No
Vihaan Yadav,Gurugram,698627.04,724,126698.63,35,80,TRUE,1935.744256,692.1476439,Yes
Tanvi Yadav,Nagpur,652794.54,596,450978.01,31,50,FALSE,2249.756656,1139.333047,No
Aditya Verma,Jodhpur,766469.4,529,266313.66,0,40,FALSE,3408.545091,2304.923215,No
Sai Menon,Jaipur,908675.58,727,480254.23,31,80,TRUE,3662.040011,355.0146049,Yes
Sanjay Yadav,Jodhpur,772649.85,670,469648.75,30,75,TRUE,3428.004062,1594.012939,Yes
Aditi Jain,Varanasi,763985.52,682,441715.21,36,50,FALSE,3091.483928,651.2876047,No
Meera Patel,Aligarh,812987.75,438,379938.49,10,40,FALSE,4510.503299,2149.271393,No
Vihaan Patel,Meerut,1192520.49,842,443401.06,4,65,TRUE,2992.969818,1614.347422,Yes
Divya Joshi,Bengaluru,905902.17,630,464531.53,19,55,FALSE,1783.269049,1199.076303,No
Sai Chatterjee,Hubballi,1071349.65,440,88322.86,18,40,FALSE,839.8375745,1690.044696,No
Sanjay Bose,Varanasi,629153.99,815,196562.7,12,95,TRUE,2781.312614,2180.306795,Yes
Tanvi Gupta,Lucknow,517258.41,419,266076.96,1,45,FALSE,1693.475288,218.9943642,No
Aditya Das,Chennai,700348.58,650,480392.13,19,70,TRUE,4270.524732,199.0022575,No
Vihaan Nambiar,Chennai,223046.54,428,325419.42,8,50,FALSE,3389.540579,858.7372949,Yes
Vikram Tiwari,Bhopal,398977.06,343,305300.22,6,40,FALSE,1511.614463,744.0608647,No
Krishna Verma,Delhi,263302.1,344,335969.48,19,55,FALSE,543.8913782,2446.164514,No
Ishita Patel,Ahmedabad,503059.48,489,237752.93,22,40,FALSE,1044.584029,1408.825396,No
Pooja Thakur,Coimbatore,243049.87,660,388102.8,32,65,TRUE,4174.543257,2333.792712,Yes
Divya Jain,Raipur,1142188.68,841,418554.07,12,95,TRUE,477.4603843,1844.60164,Yes
Divya Singh,Bengaluru,191718.83,816,268547.31,30,75,TRUE,1009.805827,2648.978845,Yes
Riya Thakur,Chennai,661912.65,734,110158.55,32,75,TRUE,573.3306332,2215.88906,Yes
Sai Gupta,Ranchi,949494.45,807,487760.15,18,85,TRUE,3146.668238,1105.929565,Yes
Vikram Joshi,Dehradun,182853.94,754,288216.2,35,90,TRUE,2646.788136,645.282243,Yes
Ishita Thakur,Hyderabad,927313.5,483,22160.03,31,60,TRUE,4265.755865,939.009438,Yes
Aditi Ghosh,Mangalore,542151.99,404,340804.94,10,50,FALSE,1495.896698,410.1291773,No
Naveen Chatterjee,Chennai,705732.9,811,440376.09,37,95,TRUE,2943.232278,1481.460573,Yes
Vihaan Bose,Hubballi,597288.88,796,206998.82,17,70,TRUE,1437.529103,2299.312709,No
Karthik Verma,Jaipur,855834.24,330,365585.76,3,50,FALSE,2623.317416,1063.461204,No
Sai Jain,Gurugram,215116.92,634,276706.67,19,45,FALSE,1324.275177,2127.974373,No
Rakesh Gupta,Surat,601272.22,600,227013.67,31,50,FALSE,815.9649344,2205.611961,Yes
Ananya Jain,Coimbatore,554598.56,421,56068.28,28,45,FALSE,5262.427002,1996.839057,No
Ishita Pandey,Noida,190655.9,468,29247.82,27,50,FALSE,2908.478247,1668.53418,No
Aditya Yadav,Srinagar,272359.45,781,114683.87,35,85,TRUE,4392.193063,1029.589097,Yes
Naveen Mishra,Jamshedpur,1131283.48,661,39399.04,20,70,TRUE,1831.189545,2457.367563,No
Ishita Menon,Jamshedpur,964183.84,327,443976.07,21,35,FALSE,2594.365705,655.7098928,Yes
Ishita Ghosh,Vadodara,914542.37,553,211030.74,19,30,FALSE,2568.369816,888.3624391,No
Aarav Menon,Srinagar,709640.29,320,120209.56,20,50,FALSE,5213.9699,3058.220043,No
Rohan Singh,Chandigarh,161041.18,322,81942.51,24,55,FALSE,2725.989731,2264.106592,Yes
Vihaan Das,Gwalior,1040555.12,644,92881.92,32,50,FALSE,4538.528272,2987.501162,No
Naveen Reddy,Kolkata,342623.37,506,354659.55,40,50,FALSE,1553.339761,1263.051012,No
Karthik Nambiar,Lucknow,1106586.67,604,489018.13,25,50,FALSE,2873.9523,1446.994266,No
Ananya Rao,Bhubaneshwar,1001153.17,843,146543.49,27,75,TRUE,474.3910255,1200.518592,Yes
Naveen Chatterjee,Aligarh,696811.64,743,203500.04,34,85,TRUE,655.5936845,479.6138744,Yes
Naveen Thakur,Bhubaneshwar,340650.51,484,289071.56,40,50,FALSE,2474.834766,3054.850125,No
Naveen Iyer,Srinagar,588666.44,778,339452.83,40,65,TRUE,2377.575813,2081.233811,Yes
Meera Jain,Delhi,377475.04,834,169987.93,23,65,TRUE,2304.968356,1719.160663,No
Ananya Gupta,Pune,982184.71,626,414628.96,40,50,FALSE,4603.834389,1260.038032,No
Pooja Pandey,Amritsar,650673.15,541,354048.98,15,35,FALSE,2292.480821,341.2559144,No
Ananya Yadav,Lucknow,174599.08,746,32574.17,2,70,TRUE,698.7976126,362.6172747,Yes
Vikram Nair,Bhopal,1085173.99,343,164358.48,31,45,FALSE,1949.686117,3022.719523,No
Meera Thakur,Coimbatore,678276.15,716,381825.3,5,75,TRUE,2540.852752,1828.264935,No
Naveen Menon,Chandigarh,1167676.01,812,425052.94,33,100,TRUE,2838.677981,1759.508944,Yes
Rohan Verma,Dehradun,827643.49,543,43370.19,7,20,FALSE,3657.356159,2374.89913,No
Rohan Menon,Madurai,958709.16,733,377205.38,9,70,TRUE,2311.692441,1344.108711,Yes
Karthik Kumar,Agra,1162764.57,357,459386.35,34,45,FALSE,3755.253701,1204.567284,No
Riya Sharma,Hubballi,322745.74,584,236692.82,23,75,TRUE,2180.751834,383.4384047,Yes
Vikram Kumar,Thiruvananthapuram,936337.04,545,419294.81,35,55,FALSE,4556.085008,853.3384853,No
Aarav Kumar,Agra,1049721.72,697,184035.96,25,85,TRUE,3953.110866,2722.752037,Yes
Divya Yadav,Hyderabad,575680.8,464,84521.78,40,35,FALSE,1818.316569,1895.956302,No
Aarav Das,Chandigarh,275543.12,782,96097.45,26,85,TRUE,1919.785024,850.5966147,Yes
Pooja Rao,Jaipur,902523.66,818,418152.89,22,100,TRUE,3924.733513,2524.602196,No
Meera Das,Raipur,460236.17,353,148614.77,11,40,FALSE,827.3562754,3206.292708,No
Riya Mishra,Chandigarh,1163334.35,621,198650.8,5,50,FALSE,2618.417151,905.1978664,No
Sai Patel,Indore,153474.7,720,279266.56,28,70,TRUE,4274.104685,1701.210175,Yes
Pooja Jain,Bengaluru,370436.27,386,32847.69,23,35,FALSE,2749.507771,2139.560834,No
Ishita Patel,Ranchi,813434.65,534,369560.98,29,35,FALSE,929.6812641,658.3620728,No
Ishita Ghosh,Delhi,1120170.96,452,139469.31,23,60,TRUE,3728.495623,1882.985683,No
Rakesh Thakur,Vadodara,890031.38,806,243693.75,14,100,TRUE,2896.072824,2358.63309,Yes
Sneha Verma,Kolkata,1182474.93,691,45395.25,27,55,FALSE,2317.465117,2756.045848,No
Rajesh Iyer,Patna,340872.79,728,20871.32,26,85,TRUE,2801.700346,1206.288473,No
Tanvi Nair,Kanpur,541322.19,554,437808.62,37,55,FALSE,4201.292037,522.9578261,No
Ananya Singh,Bhopal,579849.06,707,361647.71,13,75,TRUE,3287.12699,2354.049545,Yes
Rohan Pillai,Dehradun,872725.12,360,146631.06,21,60,TRUE,3894.543032,2254.424538,No
Aditya Jain,Nagpur,735884.86,609,180385.95,23,70,TRUE,3760.825869,1757.692978,Yes
Sai Bose,Jamshedpur,706472.3,804,98514.43,29,65,TRUE,1230.739261,1993.609099,No
Divya Ghosh,Vijayawada,196389.34,345,157545.45,31,60,TRUE,1613.504014,1354.420104,Yes
Ishita Sharma,Hyderabad,648274.92,570,183684.18,20,40,FALSE,1939.414539,1575.02909,No
Pooja Verma,Madurai,245626.35,750,217523.03,12,85,TRUE,2904.070451,693.0428416,No
Praveen Ghosh,Madurai,955779.35,796,106739.69,31,70,TRUE,509.4697005,212.8168448,Yes
Pooja Das,Ranchi,1140652.13,484,116222.26,32,60,TRUE,2806.964479,1262.445407,No
Aditi Pillai,Amritsar,484355.6,304,444121.84,36,50,FALSE,5431.720134,476.6755309,No
Tanvi Chatterjee,Indore,767966.93,326,20096.34,7,45,FALSE,1261.604792,1826.066303,No
Pooja Mishra,Salem,242161.81,771,220361.85,30,75,TRUE,1343.627965,1593.681364,Yes
Praveen Verma,Varanasi,412775.8,632,391740.52,36,40,FALSE,2990.140192,2132.243523,Yes
Praveen Iyer,Lucknow,278017.61,372,32674.89,38,50,FALSE,3278.805376,2659.962243,No
Riya Bose,Kochi,649310.39,466,437982.76,25,35,FALSE,3267.045392,1895.353484,Yes
Arjun Verma,Hubballi,603833.3,617,148129.62,38,65,TRUE,2060.973904,1237.342858,Yes
Rajesh Chatterjee,Jamshedpur,669836.54,697,72370.35,17,50,FALSE,2008.218114,2039.849904,No
Tanvi Thakur,Srinagar,1057224.11,736,485916.45,2,70,TRUE,3762.768225,2427.603307,No
Krishna Pandey,Kozhikode,461729.7,837,470907.83,18,75,TRUE,3776.725607,2459.525199,Yes
Sneha Rao,Kanpur,160454.38,607,423285.39,33,70,TRUE,2357.813229,529.3129862,Yes
Divya Tiwari,Pune,387400.04,722,201904.62,29,80,TRUE,1277.164134,1991.570329,Yes
Praveen Yadav,Pune,798088.84,316,203146.16,29,60,TRUE,2942.251234,1994.57482,Yes
Rajesh Verma,Kochi,333498.81,621,449242.93,29,60,TRUE,2403.073802,1067.374165,No
Meera Pandey,Aurangabad,205542.1,516,283662.66,5,50,FALSE,1947.74583,2229.657444,Yes
Aarav Chatterjee,Srinagar,401626.7,704,190111.38,0,70,TRUE,3278.320473,1806.778368,Yes
Aditi Joshi,Jaipur,150541.47,704,486182.67,5,60,TRUE,3982.042612,1458.387753,Yes
Praveen Bose,Lucknow,782251.08,514,24387.98,9,45,FALSE,2735.950196,2659.525498,No
Vihaan Kumar,Vijayawada,495737.38,774,438343.1,30,95,TRUE,3707.848365,1265.629428,No
Pooja Ghosh,Hubballi,546442.23,320,342587.68,37,45,FALSE,2919.418615,1404.655872,No
Krishna Kumar,Tiruchirappalli,1046021.7,405,227223.66,27,50,FALSE,4788.809627,2571.265083,No
Arjun Mishra,Tiruchirappalli,302650.4,797,118594.25,37,85,TRUE,3101.494015,478.7788128,Yes
Ananya Chatterjee,Guwahati,215653.75,840,302840.3,27,100,TRUE,2138.895577,2540.103116,Yes
Divya Patel,Amritsar,1024323.5,806,498260.37,22,90,TRUE,652.4208177,2659.160969,No
Sneha Gupta,Kolkata,1021619.07,537,288895.58,14,45,FALSE,3578.7102,2470.569723,No
Arjun Pandey,Chandigarh,957700.21,699,96285.17,23,70,TRUE,1554.059604,1231.190452,Yes
Sneha Mishra,Raipur,525339.74,388,56455.78,30,50,FALSE,2876.153989,2062.555392,Yes
Pooja Nambiar,Mysuru,1045900.51,610,83804.67,13,70,TRUE,900.4849963,1443.98663,Yes
Sai Pandey,Dehradun,564913.09,478,253803.01,2,40,FALSE,2008.389011,2444.390127,No
Divya Chatterjee,Chandigarh,1144752.96,798,104184.33,21,85,TRUE,1251.191887,815.6557465,Yes
Tanvi Gupta,Jodhpur,296555.08,406,85376.67,3,40,FALSE,1036.867728,3082.90244,No
Riya Yadav,Tiruchirappalli,187598.44,342,108745.39,6,30,FALSE,2858.547157,224.2583101,No
Sneha Menon,Indore,420614.11,752,374023.28,31,85,TRUE,2860.279478,2504.536491,Yes
Sanjay Mishra,Lucknow,262161.18,506,144006.23,26,55,FALSE,1850.926296,1966.535996,Yes
Vikram Singh,Meerut,697703.46,475,26115.77,17,55,FALSE,3948.86265,1143.745665,No
Sai Pandey,Bhubaneshwar,1167417.28,842,191835.06,14,85,TRUE,1303.281263,2492.7441,Yes
Arjun Das,Kanpur,1070800.51,670,468488.46,28,75,TRUE,2451.11017,1885.557172,No
Tanvi Thakur,Ranchi,423198.66,468,221276.28,3,45,FALSE,3113.227973,1218.078179,No
Tanvi Tiwari,Vijayawada,188119.86,832,135232.64,26,80,TRUE,2888.20606,1978.062944,No
Krishna Thakur,Thiruvananthapuram,647643.36,652,80078.33,17,75,TRUE,2188.47236,1404.493472,Yes
Vihaan Mishra,Kozhikode,180048.37,752,445265.64,22,80,TRUE,2238.059164,1451.539164,Yes
Aarav Verma,Raipur,625536.03,850,403029.81,24,80,TRUE,3061.323059,1579.21458,Yes
Praveen Verma,Kozhikode,876790.38,619,453360.34,21,65,TRUE,2995.775379,276.7839272,Yes
Aditya Bose,Noida,320826.6,732,428150.67,7,70,TRUE,3244.066956,2299.61588,Yes
Aditi Ghosh,Meerut,397139.59,759,125336.05,36,85,TRUE,3751.473974,934.9285248,Yes
Rohan Pandey,Kanpur,172135.58,443,164214.53,24,40,FALSE,4004.008841,2274.12921,No
Riya Pillai,Raipur,415341.23,383,102521.94,3,50,FALSE,3141.101215,850.8591665,No
Rohan Yadav,Aurangabad,1182983.61,831,296880.69,16,75,TRUE,2937.883597,2419.140759,Yes
Priya Bose,Meerut,192446.53,466,22822.91,32,45,FALSE,4885.297924,1816.572483,Yes
Ishita Sharma,Vijayawada,922335.35,333,293111.75,10,40,FALSE,5330.24654,1257.495582,No
Aditi Jain,Udaipur,234410.2,596,430631.14,33,55,FALSE,674.1061319,1805.81631,Yes
Sai Menon,Guwahati,526687.3,446,121658.38,37,60,TRUE,2763.222974,918.8768336,Yes
Riya Jain,Jamshedpur,664192.82,302,302664.72,35,45,FALSE,2647.84378,1409.267956,No
Aditi Gupta,Aligarh,649892.19,686,285152.99,38,60,TRUE,1224.383786,1699.705894,No
Karthik Yadav,Guwahati,1193029.11,633,395957.1,39,60,TRUE,2041.579379,1843.389284,No
Riya Sharma,Vijayawada,1107935.73,753,123044.24,17,70,TRUE,2433.930321,1419.646394,Yes
Sneha Nair,Bhopal,968487.07,387,262467.58,39,45,FALSE,5194.146943,1831.316537,No
Naveen Bose,Mysuru,496555.62,319,417373.57,34,60,TRUE,3609.316262,563.3372644,No
Divya Verma,Bengaluru,463108.07,754,187117.41,34,95,TRUE,3076.295975,2014.038872,Yes
Sneha Pandey,Bhopal,203889.15,324,388767.49,20,25,FALSE,3334.819024,807.961962,No
Aditi Pillai,Raipur,1180687.93,561,261924.67,9,30,FALSE,3977.536306,1508.954624,No
Krishna Reddy,Jodhpur,290895.55,605,296789.91,6,35,FALSE,1504.526007,2408.766468,No
Arjun Pillai,Coimbatore,665083.6,353,68260.75,15,45,FALSE,926.1792311,624.4642862,Yes
Pooja Pandey,Jodhpur,627191.36,362,367835.86,29,45,FALSE,3116.558087,2862.139739,No
Vihaan Sharma,Indore,373893.79,403,46557.44,35,55,FALSE,989.5143887,1648.016467,No
Arjun Iyer,Jodhpur,923682.86,508,148950.46,23,45,FALSE,3194.530166,2235.029627,No
Ananya Joshi,Thiruvananthapuram,691449.47,762,222097.26,0,80,TRUE,2402.970715,2295.295513,No
Divya Nambiar,Hubballi,314175.04,793,74754.63,38,75,TRUE,2383.221574,1876.630899,Yes
Krishna Chatterjee,Kolkata,187633.08,588,457567.19,10,50,FALSE,3907.50613,2579.69374,No
Aditya Sharma,Rajkot,917868.56,586,416468.84,13,60,TRUE,3328.934337,1009.104408,Yes
Praveen Pandey,Shimla,1160510.32,579,363465.85,20,50,FALSE,1705.704504,473.4362394,No
Ananya Nair,Bhubaneshwar,791346.96,787,33302.49,0,70,TRUE,1828.159329,668.7368162,Yes
Meera Das,Kolkata,1104870.71,383,452396.24,4,35,FALSE,1413.79608,3113.439863,Yes
Sanjay Das,Surat,1060080.43,685,363513.86,22,65,TRUE,2884.245411,2104.043693,No
Priya Reddy,Salem,1178001.47,755,224230.59,14,90,TRUE,3764.3896,2052.490727,No
Riya Thakur,Aurangabad,825147.64,526,349579.29,31,25,FALSE,5435.767627,1951.400269,No
Riya Verma,Gurugram,399600.9,705,417589.92,17,70,TRUE,3127.759828,2179.113138,Yes
Ishita Mishra,Nagpur,777073.19,366,344078.28,16,60,TRUE,4067.83961,289.0787882,Yes
Meera Pillai,Salem,867909.17,845,133095.24,16,80,TRUE,534.2964808,2533.975267,No
Rakesh Yadav,Dehradun,770135.23,630,436776.67,26,60,TRUE,3254.54741,1642.939318,No
Divya Pandey,Nashik,771480.19,529,424599.58,17,60,TRUE,3057.261125,838.5984985,Yes
Rajesh Tiwari,Rajkot,936819.14,325,387122.61,14,50,FALSE,1174.085552,2565.926995,Yes
Sanjay Menon,Shimla,897569.01,618,221769.99,40,75,TRUE,3745.148474,2092.673568,No
Karthik Singh,Ranchi,1168961.52,556,141991.63,6,50,FALSE,5315.375682,2782.718018,No
Pooja Thakur,Madurai,223827.94,374,151693.93,39,25,FALSE,4288.619631,1060.030352,Yes
Ishita Kumar,Chennai,644345.19,686,267799.94,4,70,TRUE,3668.386152,254.1252493,Yes
Aditi Verma,Vijayawada,1121955.2,367,241121.07,3,50,FALSE,4296.276027,290.6700433,No
Pooja Gupta,Varanasi,511222.48,310,135357.54,24,55,FALSE,4866.822858,3051.786872,No
Rakesh Chatterjee,Chandigarh,162577.99,764,204895.55,21,85,TRUE,2122.100819,2720.616937,No
Sneha Nair,Vadodara,211512.31,429,386793.6,32,40,FALSE,3736.047493,1822.88432,No
Aditya Yadav,Mysuru,1124422.49,345,141706.5,8,50,FALSE,4358.498308,2310.273532,No
Meera Menon,Vadodara,1045834.09,449,387370.54,30,30,FALSE,4272.686774,2617.353934,No
Vikram Yadav,Tiruchirappalli,603059.7,358,64948.66,32,50,FALSE,2256.228954,1620.020538,No
Sanjay Patel,Bhubaneshwar,1047380.7,506,271990.49,21,50,FALSE,1811.708658,282.1894189,No
Karthik Nambiar,Noida,419806.2,636,321468.62,6,70,TRUE,3215.127416,2336.767079,Yes
Aditya Rao,Hubballi,310522.86,535,479104.59,39,45,FALSE,3806.77211,2360.199904,No
Rohan Yadav,Gurugram,931871.58,510,437902.85,11,55,FALSE,3929.837709,3356.442892,Yes
Sai Das,Aurangabad,669169.86,445,202725.21,28,55,FALSE,2580.399017,619.4466709,No
Sanjay Thakur,Coimbatore,891456.8,478,327173.59,16,55,FALSE,5149.473568,1168.941862,Yes
Ishita Tiwari,Rajkot,450539.72,568,57317.16,1,40,FALSE,3568.34834,1841.469911,No
Aditya Joshi,Lucknow,756299.98,767,221880.46,23,90,TRUE,3462.263514,2258.47245,Yes
Krishna Pandey,Mysuru,1192337.79,421,404496.45,8,55,FALSE,1924.879017,1279.535825,No
Meera Das,Madurai,947033.12,550,479288.95,39,60,TRUE,602.8374746,1648.610799,Yes
Sai Das,Jaipur,568365.63,586,474949.39,32,75,TRUE,3577.256954,1379.912601,Yes
Vikram Das,Vijayawada,669959.49,471,46696.6,24,50,FALSE,5013.11792,1838.92466,No
Aditya Joshi,Bengaluru,433522.2,629,191411.56,23,60,TRUE,938.1613391,859.1427283,No
Tanvi Reddy,Bhopal,264107.73,337,313523.76,14,60,TRUE,899.7155503,460.5495937,Yes
Praveen Jain,Tiruchirappalli,522829.85,686,477260.35,10,60,TRUE,2008.850021,525.6977921,No
Ishita Sharma,Meerut,426806.89,755,281423.11,22,80,TRUE,2475.470637,1071.725445,Yes
Sanjay Kumar,Bhubaneshwar,364005.05,742,202466.79,23,70,TRUE,777.9672139,1576.829531,Yes
Rakesh Singh,Amritsar,1032350.61,377,49293.22,5,35,FALSE,4020.773351,560.9962591,No
Riya Iyer,Gurugram,904073.15,400,173005.37,4,40,FALSE,1070.466696,359.1012142,No
Pooja Kumar,Kochi,975592.73,495,353806.03,38,40,FALSE,1053.33375,604.5150796,No
Sneha Chatterjee,Patna,483288.04,713,122931.06,37,50,FALSE,4307.271636,1163.659317,No
Naveen Iyer,Amritsar,688770.17,532,224277.7,13,40,FALSE,1545.763549,1842.616952,No
Tanvi Bose,Gurugram,306697.98,648,296121.76,20,65,TRUE,1461.788379,1595.001102,Yes
Sneha Joshi,Kozhikode,662046.53,330,498930.39,8,50,FALSE,5173.463079,2398.347883,No
Divya Pillai,Mysuru,198135.88,647,468460.97,26,70,TRUE,2356.635591,1362.598305,Yes
Vihaan Patel,Madurai,616648.08,332,462819.94,9,55,FALSE,4659.502975,2937.600319,No
Pooja Pandey,Gurugram,193317.61,700,392811.28,34,80,TRUE,4265.62916,947.2002991,No
Rajesh Bose,Indore,800128.45,395,456933.53,6,55,FALSE,5026.224152,1452.902028,No
Sanjay Yadav,Pune,1002096.01,371,185201.13,18,35,FALSE,3594.144587,2642.999673,No
Meera Sharma,Salem,454566.37,311,177859.2,20,60,TRUE,2554.760826,1070.887847,Yes
Naveen Patel,Gwalior,411184.65,370,466852.22,13,45,FALSE,3904.626125,2897.620632,No
Vihaan Nair,Gurugram,1029392.74,617,202826.55,12,40,FALSE,1546.983731,3069.723238,No
Sanjay Verma,Hubballi,911664.9,552,284683.32,21,50,FALSE,4415.581678,2840.672558,No
Praveen Nambiar,Dehradun,968031.99,655,295242.57,19,60,TRUE,1053.686318,2070.38152,Yes
Ishita Chatterjee,Nagpur,745748.74,768,476221.49,11,60,TRUE,4224.967776,1281.394014,Yes
Rajesh Nambiar,Bengaluru,900610.66,580,399853.3,34,65,TRUE,3938.499772,1791.509398,Yes
Vihaan Verma,Kozhikode,811887.63,424,485842.52,4,35,FALSE,948.5344494,403.883734,No
Rakesh Patel,Pune,514478.66,512,320798.98,2,40,FALSE,2521.418408,1262.246646,No
Rakesh Iyer,Gwalior,785883.88,499,182129.48,2,40,FALSE,5245.589298,2977.581795,No
Praveen Rao,Meerut,347467.15,796,168686.33,4,75,TRUE,2006.341637,1286.382183,Yes
Divya Mishra,Bhubaneshwar,834443.43,465,303422.12,1,15,FALSE,2417.090887,3032.207237,No
Meera Pillai,Visakhapatnam,923127.33,579,244015.11,28,30,FALSE,3982.111575,947.9519744,Yes
Sai Tiwari,Delhi,578409.71,835,85712.85,6,85,TRUE,1364.298415,2679.838933,Yes
Divya Pandey,Srinagar,432389.83,555,498453.1,15,45,FALSE,2946.243485,2577.277458,No
Tanvi Das,Kochi,597226.79,525,436966.2,10,35,FALSE,3380.633797,2281.994102,No
Meera Jain,Udaipur,776594.64,512,92504.83,25,50,FALSE,1614.832348,2472.909035,No
Vikram Mishra,Noida,830521.7,711,168373.06,20,65,TRUE,1151.038451,2101.641989,Yes
Rohan Mishra,Raipur,254525.8,344,384820.87,13,45,FALSE,4352.474643,1537.098171,No
Aditi Pillai,Guwahati,222720.47,475,498126.83,6,20,FALSE,2836.966133,2362.562646,No
Aditi Reddy,Kochi,1129074.33,625,118794.89,30,50,FALSE,3661.126553,516.0648179,No
Pooja Patel,Noida,1030885.98,815,494526.77,0,65,TRUE,2491.201771,1869.337984,Yes
Sneha Reddy,Pune,1027647.97,549,54872.16,5,30,FALSE,4185.96416,2126.982386,No
Aarav Pillai,Mumbai,820184.64,338,455505.8,38,40,FALSE,2170.376228,2856.865234,No
Krishna Ghosh,Gwalior,243243.09,833,326190.64,18,85,TRUE,703.3287243,2474.544227,Yes
Krishna Yadav,Guwahati,743774.32,355,422675.04,15,35,FALSE,4414.037527,1902.395456,Yes
Vihaan Gupta,Mumbai,225154.85,752,105555.31,0,55,FALSE,2867.640357,770.2345759,No
Vikram Gupta,Rajkot,354339.79,428,116993.68,11,60,TRUE,1104.294133,1079.454138,Yes
Sanjay Jain,Indore,416615.86,778,290150.24,10,90,TRUE,3123.838556,1268.526197,Yes
Sneha Iyer,Amritsar,253584.61,759,150187.91,12,75,TRUE,4529.270147,1116.482741,Yes
Vihaan Thakur,Kanpur,712472.45,782,331341.58,27,70,TRUE,2333.643744,1888.699046,No
Sai Chatterjee,Jodhpur,962677.87,737,462091.5,19,85,TRUE,3511.801045,655.5615351,No
Tanvi Mishra,Mysuru,470047.83,764,394627.14,24,90,TRUE,1237.267441,1121.728592,Yes
Aditi Nambiar,Aligarh,477656.86,304,140524.71,32,55,FALSE,4238.220134,1958.804637,No
Riya Singh,Ahmedabad,819418.69,693,478189.58,19,60,TRUE,4397.681065,1005.514325,Yes
Aditi Verma,Aurangabad,167008.06,466,41609.73,27,60,TRUE,1838.329711,2081.756868,Yes
Arjun Singh,Pune,1035148.44,677,25273.57,3,40,FALSE,2642.936555,910.2410387,No
Vihaan Yadav,Vijayawada,666046.02,670,108706.87,1,50,FALSE,4348.684304,3254.038062,No
Ishita Tiwari,Srinagar,462061.8,560,419718.96,38,25,FALSE,4913.817949,2148.850003,No
Vikram Yadav,Vijayawada,988374.47,707,198940.47,37,75,TRUE,507.5423728,975.1616097,Yes
Rohan Rao,Bhopal,926330.72,558,281220.33,19,45,FALSE,2520.94537,883.7403245,No
Riya Pandey,Hyderabad,826175.86,411,294983.67,36,25,FALSE,4262.93028,953.3734281,No
Arjun Nambiar,Chennai,1131633.52,615,222952.83,10,70,TRUE,3061.418808,1372.179912,Yes
Rakesh Bose,Mangalore,865764.98,741,494827.31,11,80,TRUE,1201.418825,1714.297765,Yes
Aditya Kumar,Ahmedabad,394018.06,761,143355.76,13,85,TRUE,4500.549236,1332.650318,Yes
Rakesh Sharma,Nagpur,734284.04,718,250946.39,40,50,FALSE,3478.778576,2972.284768,No
Karthik Reddy,Raipur,653833.07,583,406253.8,21,75,TRUE,2549.617805,548.1656575,No
Tanvi Patel,Kolkata,243335.74,342,327364.69,13,60,TRUE,763.3447863,1987.93935,Yes
Arjun Ghosh,Salem,435455.57,645,120636.44,27,40,FALSE,4360.955876,1007.667136,No
Riya Joshi,Varanasi,342126.33,708,217119.28,39,80,TRUE,3334.830901,817.5282147,Yes
Sai Nair,Aurangabad,965536.3,442,444793.48,38,40,FALSE,4609.158739,2930.266893,No
Rajesh Sharma,Thiruvananthapuram,601034.92,786,423104.65,26,70,TRUE,3155.871965,1773.518337,Yes
Sanjay Mishra,Vijayawada,773110.13,346,107956.01,20,35,FALSE,2785.411504,2433.103983,No
Sneha Singh,Vijayawada,1063693.78,402,174806.69,24,50,FALSE,2014.345744,307.1369508,No
Naveen Yadav,Chandigarh,546791.05,608,36853.83,35,40,FALSE,4158.93829,916.0084039,No
Rakesh Singh,Jamshedpur,1169860.51,549,422214.92,10,55,FALSE,3426.455211,2456.308545,No
Meera Nambiar,Shimla,311024.63,464,172716.11,24,25,FALSE,5127.196136,2062.01618,Yes
Arjun Nambiar,Salem,854823.06,439,485647.15,40,35,FALSE,761.5111772,2501.558816,No
Praveen Pandey,Patna,926243.04,366,135144.14,21,25,FALSE,5424.022172,1163.972095,No
Ishita Iyer,Udaipur,159223.87,747,84899.71,14,85,TRUE,1176.014673,505.2987404,Yes
Riya Menon,Rajkot,408986.74,418,430232.95,23,50,FALSE,1650.203322,384.5773795,No
Naveen Sharma,Meerut,511504.18,494,489660.73,27,25,FALSE,5568.726889,2946.276276,No
Rajesh Bose,Raipur,770904.84,527,378088.24,25,60,TRUE,1165.642037,1825.156562,Yes
Krishna Jain,Salem,794121.15,766,376092.96,38,80,TRUE,2504.927544,297.5777591,Yes
Sai Sharma,Mysuru,268327.46,426,118482.72,36,50,FALSE,4062.347282,2905.881526,No
Ishita Verma,Ahmedabad,337322.47,456,308478.28,13,50,FALSE,5184.343901,1171.025978,No
Naveen Nair,Raipur,853252.99,701,358821.85,10,65,TRUE,3889.487594,2671.99133,Yes
Aditya Singh,Meerut,1014118.83,373,92299.59,18,50,FALSE,4508.903073,1164.301096,No
Sai Pillai,Thiruvananthapuram,170398.39,355,458539.83,19,40,FALSE,1600.126346,2621.444339,Yes
Rohan Jain,Aligarh,1049046.19,514,66894.24,12,40,FALSE,1971.440405,1718.484218,No
Sai Pandey,Patna,1169511.37,685,21976.99,10,75,TRUE,4052.132896,2358.859197,Yes
Aditya Thakur,Jamshedpur,721212.65,827,432813.24,21,90,TRUE,915.6746321,1061.643847,Yes
Meera Kumar,Rajkot,812234.6,546,334969.93,31,55,FALSE,2666.28002,1255.371858,No
Naveen Chatterjee,Chandigarh,975974.85,774,408233.95,24,85,TRUE,3752.706623,1746.96868,Yes
Ananya Verma,Hyderabad,759169.11,821,230459.92,1,55,FALSE,2023.322676,2868.535982,No
Krishna Pandey,Patna,656350.09,795,217181.59,27,85,TRUE,3160.418891,2663.536408,Yes
Aarav Bose,Patna,696564.05,320,186254.5,35,55,FALSE,5285.607584,1458.407703,No
Pooja Joshi,Jaipur,955619.65,427,335360.01,7,35,FALSE,2178.971146,3034.266856,No
Tanvi Jain,Mumbai,1199186.09,340,180750.98,36,45,FALSE,1388.970309,239.7023359,No
Naveen Pillai,Agra,384048.12,605,275086.7,34,40,FALSE,1964.886367,2107.564748,No
Karthik Das,Vijayawada,201244.95,831,184838.41,34,95,TRUE,3836.526662,804.9223112,Yes
Krishna Patel,Dehradun,446353.79,514,489721.88,6,20,FALSE,3649.438538,2152.488775,No
Priya Kumar,Nagpur,443281.12,520,318896.78,38,45,FALSE,2120.915429,2916.673435,Yes
Rakesh Patel,Udaipur,481880.13,566,254021.34,10,55,FALSE,3475.6083,351.8373367,No
Rakesh Iyer,Udaipur,1199956.73,848,106822.59,4,85,TRUE,3004.573469,451.3802223,Yes
Rakesh Mishra,Kolkata,1055327.58,823,443074.47,10,90,TRUE,2342.015647,2085.988119,Yes
Rakesh Patel,Surat,778552.68,379,230101.45,7,45,FALSE,5189.820764,1499.353703,No
Vihaan Patel,Raipur,1170993.29,641,441830.66,9,60,TRUE,2805.514915,2220.519517,Yes
Riya Iyer,Kanpur,1065893.28,687,80948.04,7,80,TRUE,4003.72293,832.8336749,Yes
Riya Iyer,Ranchi,250676.81,588,438260.86,17,50,FALSE,4166.669445,1619.614568,No
Karthik Patel,Rajkot,1083020.6,712,413136.4,37,50,FALSE,4094.579672,293.5751603,Yes
Vihaan Menon,Mangalore,171308.7,687,129790.39,17,75,TRUE,2863.656729,204.191322,Yes
Sneha Pillai,Kanpur,436767.66,768,140035.35,28,90,TRUE,2652.398922,2193.664949,Yes
Tanvi Tiwari,Bengaluru,952163.56,612,169704.8,5,60,TRUE,4124.552647,281.2247026,Yes
Sneha Nambiar,Guwahati,305088.62,395,250934.38,36,55,FALSE,773.1193026,778.3923946,No
Rajesh Tiwari,Aurangabad,1123406.42,734,186950.14,32,60,TRUE,1675.669921,2571.541407,Yes
Naveen Chatterjee,Jaipur,734153.27,307,480541.29,27,25,FALSE,4292.586438,878.1048586,No
Sneha Mishra,Mangalore,533814.42,836,95422.39,11,95,TRUE,1653.877722,1174.562006,No
Riya Verma,Noida,311033.36,682,105066.18,21,85,TRUE,2678.304529,205.5711043,Yes
Vikram Verma,Indore,712111.74,571,212326.65,0,30,FALSE,2761.069667,1868.98996,No
Krishna Menon,Madurai,301624.88,336,285414.38,39,55,FALSE,1055.790673,2415.2251,No
Rakesh Tiwari,Gwalior,306641.14,409,388716.76,22,60,TRUE,2412.207841,1600.390605,No
Vikram Patel,Lucknow,548431.42,841,155255.04,9,85,TRUE,3324.140913,294.3691587,Yes
Arjun Verma,Varanasi,976219.1,683,315845.28,23,80,TRUE,2963.191992,1714.444719,Yes
Naveen Pandey,Ahmedabad,567392.2,465,442034.29,22,35,FALSE,4756.192277,941.6328025,No
Vihaan Iyer,Agra,327699.45,341,119445.9,25,60,TRUE,1203.501797,2204.953484,Yes
Rohan Kumar,Bhopal,240390.02,572,75825.52,26,60,TRUE,500.9584059,379.2845977,Yes
Aditi Gupta,Aurangabad,219421.61,434,183534.68,6,55,FALSE,2825.341625,484.2217776,No
Aditi Iyer,Ranchi,362712.6,650,455686.24,38,40,FALSE,5079.950457,857.3088801,No
Pooja Tiwari,Jodhpur,411507.6,553,316973.19,9,35,FALSE,2863.670741,2685.642902,No
Naveen Chatterjee,Raipur,546923.43,739,177969.63,30,75,TRUE,480.2956142,2532.268545,No
Rakesh Gupta,Raipur,658118.57,452,349349.08,7,45,FALSE,2747.245233,1083.090235,Yes
Arjun Gupta,Gwalior,539885.32,504,107897.08,3,50,FALSE,2239.927378,1246.437269,No
Aditi Sharma,Salem,929482.74,790,236612.12,32,90,TRUE,747.6865534,550.0040085,Yes
Praveen Jain,Meerut,1066234.69,728,116432.14,20,50,FALSE,4862.405491,2382.21721,Yes
Aditi Reddy,Aligarh,661933.28,586,331035.89,6,50,FALSE,2780.827529,1671.921083,No
Rohan Bose,Surat,386285.52,313,375057.17,35,50,FALSE,1282.157472,1477.83739,No
Riya Joshi,Vadodara,707795.47,841,81882.46,23,75,TRUE,4220.9079,1047.226063,No
Vikram Iyer,Nagpur,877734.58,342,356886.65,12,25,FALSE,1226.801061,411.5851935,Yes
Krishna Chatterjee,Tiruchirappalli,1081388.92,506,446327.3,9,45,FALSE,1036.354563,2458.934862,No
Aditya Mishra,Rajkot,1074490.03,655,419226.15,28,60,TRUE,3011.792118,1382.902398,Yes
Aarav Verma,Kozhikode,790686.94,322,105194.35,38,60,TRUE,1891.056516,2078.924881,No
Sai Joshi,Jaipur,902612.28,707,353655.66,34,70,TRUE,3458.797613,1981.112965,No
Aditya Menon,Ranchi,560125.37,710,431936.98,17,50,FALSE,3742.349763,1451.170616,No
Praveen Joshi,Vadodara,195486.99,837,371454.77,19,90,TRUE,3094.370437,479.7582018,No
Aarav Chatterjee,Dehradun,848988.02,543,328770.97,2,35,FALSE,3466.747266,1981.685157,No
Karthik Pillai,Hubballi,1004559.49,352,127375.88,15,50,FALSE,4728.896017,1377.09215,Yes
Rakesh Rao,Udaipur,632370.78,570,293320.24,8,45,FALSE,4977.120462,2087.097399,No
Rakesh Kumar,Meerut,1145703.33,524,481217.16,17,50,FALSE,3779.082776,2893.65163,No
Riya Tiwari,Kanpur,1129716.49,563,111472.88,40,40,FALSE,2087.963831,401.8414996,No
Meera Nambiar,Mumbai,803972.52,704,91019.32,28,85,TRUE,3960.642494,2334.594831,Yes
Aditi Jain,Vadodara,422534.5,770,283120.05,11,75,TRUE,3081.008557,570.1221044,Yes
Rohan Thakur,Ahmedabad,959716.19,481,292386.44,38,45,FALSE,4242.660448,1889.227539,No
Vihaan Joshi,Vijayawada,465178.76,402,225205.05,33,35,FALSE,5121.708242,1418.390885,No
Ananya Sharma,Nagpur,242764.09,313,363125.74,2,40,FALSE,680.6785172,2795.599756,No
Priya Verma,Guwahati,1061699.28,646,392168.52,5,50,FALSE,4732.160565,2691.82324,No
Vihaan Tiwari,Mangalore,261289.33,639,216742.27,9,60,TRUE,2206.597036,1884.620454,Yes
Arjun Menon,Patna,989263.97,603,163209.07,32,60,TRUE,1416.041036,2483.951774,No
Aditya Mishra,Dehradun,231023.7,694,239691.37,22,85,TRUE,611.5721657,1297.107286,Yes
Aditya Pandey,Varanasi,470393.72,803,60806.87,7,95,TRUE,3157.835549,2268.760487,Yes
Ananya Sharma,Amritsar,879244.94,386,400781.5,38,60,TRUE,1658.939847,1319.936654,Yes
Divya Patel,Hyderabad,508443.35,608,232663.19,18,65,TRUE,1659.12867,1077.716038,Yes
Priya Yadav,Aurangabad,1013015.77,302,409915.95,9,45,FALSE,5372.640081,926.3169133,Yes
Karthik Gupta,Ranchi,635919.39,737,459928.51,17,65,TRUE,4145.463392,1565.238737,Yes
Riya Gupta,Thiruvananthapuram,689891.93,734,281646.15,26,70,TRUE,2934.133369,1068.302852,Yes
Riya Kumar,Chandigarh,1143436.58,809,491643.14,34,90,TRUE,2106.200523,2714.53565,No
Tanvi Ghosh,Tiruchirappalli,810836.69,389,418413.65,23,55,FALSE,1404.002712,1916.249001,Yes
Praveen Reddy,Shimla,767296.14,361,149399.11,23,55,FALSE,2384.716475,2786.254856,No
Vihaan Das,Thiruvananthapuram,413743.23,731,184997.94,13,65,TRUE,4180.954339,1612.425939,Yes
Tanvi Bose,Lucknow,925447.4,734,57972.69,3,55,FALSE,5554.921665,681.202958,Yes
Pooja Rao,Gurugram,151115.34,444,278230.77,15,60,TRUE,858.8083013,1595.050063,No
Ishita Rao,Pune,383672.81,443,198957.29,19,35,FALSE,725.9199788,1357.747543,No
Ananya Chatterjee,Ahmedabad,1096295.29,332,344334.16,11,50,FALSE,2248.026822,1593.499467,No
Krishna Rao,Salem,550772.59,813,124728.36,14,65,TRUE,2252.169985,2661.556689,Yes
Rohan Nair,Amritsar,362981.17,516,148037.73,39,35,FALSE,3267.306613,2482.333612,No
Aditya Chatterjee,Lucknow,333621.35,620,95972.08,25,65,TRUE,1484.571948,2422.996567,Yes
Ananya Chatterjee,Tiruchirappalli,343005.79,406,64765.81,23,55,FALSE,640.8116786,408.4051103,No
Rohan Menon,Amritsar,347122.01,366,126260.74,38,45,FALSE,1622.821985,3067.169758,No
Krishna Bose,Salem,330219.99,546,398574.16,5,50,FALSE,2336.701062,1917.713534,No
Tanvi Nair,Mysuru,795951.33,395,20806.04,0,35,FALSE,5056.423433,1798.465299,No
Aditi Jain,Pune,752728.14,432,379979.02,6,40,FALSE,5359.708487,2002.656562,No
Divya Rao,Ahmedabad,183930.05,691,136783.89,37,75,TRUE,3520.580511,1641.848509,No
Sai Sharma,Hyderabad,392014.87,537,109026.83,9,50,FALSE,1924.525963,965.8768994,No
Priya Menon,Gurugram,731545.83,647,54172.79,23,60,TRUE,4158.429866,333.6665664,Yes
Arjun Patel,Lucknow,889557.93,456,340189.7,40,35,FALSE,741.3017394,2841.112871,No
Praveen Rao,Salem,717540.36,810,456314.21,29,75,TRUE,1759.149748,1111.418658,Yes
Meera Iyer,Aurangabad,222434.13,391,318879,11,55,FALSE,4424.375451,267.1801606,No
Priya Jain,Kolkata,280757.31,443,41368.56,36,60,TRUE,4383.629432,2492.42096,Yes
Aarav Joshi,Patna,912149.25,621,52335.87,5,50,FALSE,3045.403225,1349.231364,No
Aditya Gupta,Srinagar,263881.59,550,130135.81,35,35,FALSE,2315.970456,1422.001989,No
Aarav Gupta,Dehradun,905561.79,374,479248.62,24,50,FALSE,4155.371182,3108.739367,No
Rakesh Mishra,Pune,1002530.37,411,420402.17,11,45,FALSE,5055.407287,2829.828838,No
Meera Pillai,Udaipur,444080.22,366,120046.45,21,45,FALSE,3896.991862,1564.654245,No
Rakesh Gupta,Bhopal,957292.93,459,345307.32,9,50,FALSE,893.0786913,1793.277252,Yes
Ananya Bose,Jaipur,1151035.78,740,33517.73,13,70,TRUE,3911.378374,1499.675439,Yes
Krishna Bose,Coimbatore,358749.25,385,152420.94,4,35,FALSE,5014.756824,1332.955587,No
Priya Tiwari,Patna,911339.69,519,280431.18,16,35,FALSE,5184.32909,2299.766939,No
Aditya Bose,Bhopal,1113037.92,468,207337.78,22,60,TRUE,1730.411267,972.4109096,Yes
Ishita Nair,Jaipur,970592.34,698,468423.33,35,85,TRUE,3827.438438,482.6438631,Yes
Arjun Kumar,Jaipur,311931.2,624,95405.13,9,70,TRUE,616.5480432,1186.935322,Yes
Ishita Verma,Salem,478412.75,569,466323.04,0,40,FALSE,936.2762577,2065.17379,No
Ishita Menon,Mysuru,655770.32,730,204180.96,34,60,TRUE,4215.007736,1564.390838,Yes
Riya Pandey,Bhopal,178449.14,314,259934.15,23,55,FALSE,3430.007809,1279.470599,Yes
Vihaan Pillai,Srinagar,723172.08,723,164581.22,22,50,FALSE,3901.643238,1617.60857,No
Divya Thakur,Aurangabad,263502.03,769,206310.54,23,80,TRUE,1939.138019,1778.550211,Yes
Ananya Iyer,Delhi,907010.43,590,45186.83,39,50,FALSE,3111.778481,2131.056856,No
Arjun Pandey,Surat,654670.88,316,33134.94,26,25,FALSE,1336.409905,2677.909717,No
Aditya Das,Udaipur,1042965.72,333,74310.27,18,35,FALSE,4814.56527,2601.437594,No
Vihaan Menon,Bhopal,805675.15,427,82551.08,29,55,FALSE,4357.648304,1378.831465,Yes
Rajesh Nair,Dehradun,1180004.89,529,452374.55,18,40,FALSE,4769.466002,1162.668512,Yes
Priya Mishra,Raipur,826084.24,724,123602.32,0,65,TRUE,926.1567171,1805.939829,Yes
Vikram Verma,Gwalior,838753.38,740,385159.06,35,90,TRUE,472.0249049,2036.348672,Yes
Divya Pillai,Udaipur,1182392.33,431,475294.53,24,50,FALSE,4109.727382,2882.038569,No
Rohan Nambiar,Gwalior,192519.46,429,86676.34,7,30,FALSE,962.6286383,2849.692555,No
Riya Nambiar,Lucknow,975826.27,630,363475.05,5,65,TRUE,3879.484193,978.8391332,No
Ishita Menon,Guwahati,1133848.36,380,85704.15,24,40,FALSE,3978.13434,2165.939489,Yes
Sanjay Menon,Nagpur,722963.83,604,163408.59,34,70,TRUE,4534.336864,1234.285826,Yes
Rakesh Pandey,Mysuru,321919.14,581,493182.36,9,70,TRUE,819.5405232,749.1028873,Yes
Vikram Reddy,Kochi,1053043.54,409,53502.82,18,50,FALSE,4745.569295,931.8976675,No
Aditi Thakur,Kanpur,307743.92,700,220205.22,31,80,TRUE,4356.182973,2602.697312,Yes
Aarav Nair,Kochi,344404.15,621,399852.6,28,65,TRUE,1047.147939,1613.035988,Yes
Aditi Rao,Raipur,1088910.84,795,340695.98,38,60,TRUE,4107.442642,307.3628694,Yes
Pooja Nair,Vadodara,928240.74,323,444108.38,32,25,FALSE,3860.972665,2345.273905,No
Priya Nair,Gurugram,889839.26,525,29114.58,8,45,FALSE,2305.45525,2027.907394,No
Rajesh Gupta,Thiruvananthapuram,360481.79,778,92784.49,31,70,TRUE,1145.250847,542.5058809,Yes
Riya Yadav,Bhubaneshwar,513957.22,702,239937.08,37,80,TRUE,1800.27607,1445.131306,Yes
Priya Bose,Visakhapatnam,1146823.19,756,440725.66,38,90,TRUE,3298.013441,2432.720271,Yes
Rohan Patel,Ahmedabad,1020503.43,661,283739.54,40,50,FALSE,3148.75958,1151.026394,No
Pooja Iyer,Bhubaneshwar,538076.19,843,148877.28,25,80,TRUE,1268.077284,2131.207241,Yes
Aarav Bose,Tiruchirappalli,629031.63,520,217258.76,23,50,FALSE,3997.110284,1372.672194,No
Rohan Bose,Jaipur,179250.88,518,76253.89,36,50,FALSE,5713.51254,2580.952276,No
Ananya Sharma,Noida,200233.55,839,206146.56,6,85,TRUE,1698.459816,368.7227264,Yes
Rakesh Bose,Udaipur,905404.31,745,222863.94,20,85,TRUE,3711.77167,2707.515213,No
Rakesh Yadav,Mumbai,840841.75,763,411577.3,38,90,TRUE,1046.683874,2081.560771,Yes
Sneha Joshi,Kochi,1164166.36,304,289830.34,18,45,FALSE,1871.046152,3335.923506,No
Arjun Yadav,Noida,790573.31,781,150496.51,26,90,TRUE,3521.254634,2352.463708,Yes
Krishna Pandey,Salem,1133822.45,805,311197.77,3,70,TRUE,2830.419688,597.360375,Yes
Sneha Menon,Hubballi,666432.46,329,127509.49,3,45,FALSE,663.9778414,2730.598531,No
Karthik Das,Vijayawada,346940.55,495,186114.36,23,45,FALSE,3740.676929,2430.462263,No
Rajesh Pillai,Patna,756345.86,376,382905.37,21,45,FALSE,5052.406945,1201.083656,No
Ananya Tiwari,Hubballi,602001.9,422,417897.58,20,50,FALSE,5621.245284,2476.952358,Yes
Aarav Kumar,Meerut,722523.9,834,265563.01,15,90,TRUE,510.3767493,2680.455648,Yes
Arjun Tiwari,Tiruchirappalli,195229.95,531,456747.55,16,55,FALSE,4925.232658,1207.795716,No
Divya Das,Gurugram,647596.18,510,337175.07,4,25,FALSE,4589.412875,2684.287768,No
Vikram Tiwari,Indore,666082.57,492,378043.21,6,30,FALSE,1497.315388,237.9662344,No
Karthik Sharma,Bhubaneshwar,317078.56,764,113443.5,9,65,TRUE,2915.641257,371.4349369,Yes
Praveen Yadav,Surat,613834.43,825,151964.26,25,85,TRUE,4052.222425,1229.821589,Yes
Aditi Ghosh,Bhubaneshwar,833634.79,404,266404.96,29,35,FALSE,1130.661954,1217.905219,No
Aditya Iyer,Shimla,996935.22,787,251212.09,33,85,TRUE,1513.314327,645.3878749,Yes
Rajesh Singh,Varanasi,525282.79,706,136307.06,27,60,TRUE,3489.238933,1805.681586,No
Meera Pandey,Shimla,228979.37,498,442688.33,12,40,FALSE,927.7777529,723.2571251,No
Aarav Chatterjee,Gwalior,177591.63,351,286582.28,15,25,FALSE,1423.198608,1094.376237,No
Tanvi Sharma,Chandigarh,555491.86,844,119077.44,17,100,TRUE,3469.365471,1683.339497,Yes
Meera Jain,Mysuru,1141647.53,574,415749.65,13,50,FALSE,1104.022989,2209.438601,No
Riya Ghosh,Tiruchirappalli,1106135.49,489,45113.97,39,50,FALSE,3214.877825,838.7226737,No
Priya Sharma,Gwalior,779502.75,371,487647.46,11,60,TRUE,4326.774261,1734.316207,Yes
Sanjay Yadav,Gurugram,801886.67,481,156327.23,4,30,FALSE,2627.475355,2045.399229,No
Vikram Menon,Bhopal,975175.79,301,487783.18,15,35,FALSE,3970.385907,1653.808816,No
Riya Kumar,Vijayawada,995285.88,815,438024.86,9,80,TRUE,3862.2177,947.3164158,Yes
Aditi Reddy,Vijayawada,274550.1,563,78060.33,31,50,FALSE,1493.568474,1500.946655,No
Pooja Gupta,Amritsar,448221.51,795,167688.88,17,90,TRUE,4273.408187,1524.236757,Yes
Priya Iyer,Bhubaneshwar,559709.52,665,480063.46,1,35,FALSE,2825.086174,1642.332496,No
Arjun Pandey,Hyderabad,1003996.31,498,286800.02,40,55,FALSE,5513.340107,2935.963012,Yes
Rajesh Reddy,Mangalore,343793.24,479,438828.11,22,55,FALSE,786.8904149,1362.421366,Yes
Sai Sharma,Visakhapatnam,620175.97,832,204692.02,21,90,TRUE,694.2376927,1661.091397,Yes
Priya Thakur,Madurai,724307.25,810,239394.91,9,75,TRUE,3756.109414,1481.708329,No
Sanjay Das,Hubballi,1000855.42,366,272724.06,0,40,FALSE,2420.621144,1918.522826,No
Riya Nambiar,Gurugram,563246.45,740,418636.01,0,60,TRUE,1511.788714,1758.182622,Yes
Aditi Jain,Amritsar,919344.34,446,488389.95,12,25,FALSE,3104.569483,2339.041311,No
Rohan Nair,Raipur,946378.75,695,432435.09,25,80,TRUE,4330.777299,363.1444543,No
Naveen Pandey,Bhopal,1165861.74,746,492469.75,20,70,TRUE,1218.347367,1313.503943,Yes
Sneha Patel,Tiruchirappalli,854784.68,504,308057.35,19,40,FALSE,4501.133236,1142.105953,No
Meera Verma,Madurai,185387.71,747,457592.84,8,75,TRUE,4378.543424,1018.013189,Yes
Rohan Sharma,Noida,151648.01,777,433924.03,26,80,TRUE,4299.792188,1542.129774,No
Sneha Bose,Kochi,354996.15,609,487040.78,37,55,FALSE,3346.888593,1389.4203,No
Vikram Verma,Chennai,974135.73,428,422161.61,0,25,FALSE,4898.397308,2645.199362,No
Sai Joshi,Nashik,501944.65,641,310948.8,6,35,FALSE,2874.533471,3290.46399,No
Aarav Verma,Lucknow,335874.18,354,294779.93,13,50,FALSE,4206.674852,649.6671006,No
Sneha Jain,Gurugram,694877.24,458,130023.5,40,55,FALSE,1754.145623,1487.47975,No
Karthik Menon,Indore,1128095.28,417,445944.71,0,20,FALSE,976.0011634,2409.661982,No
Meera Sharma,Madurai,485389.83,325,421539.99,28,35,FALSE,2855.791422,913.5579643,No
Rohan Joshi,Patna,812953.24,566,415403.35,28,25,FALSE,709.1003395,563.4638501,No
Aditi Sharma,Mangalore,1187921.16,474,225067.92,34,25,FALSE,5246.965894,1835.213701,No
Divya Chatterjee,Thiruvananthapuram,733503.73,700,164016.52,6,70,TRUE,857.0336206,992.9401505,Yes
Sanjay Verma,Srinagar,593190.64,698,141440.22,37,75,TRUE,1098.266509,1968.941674,Yes
Meera Joshi,Rajkot,1071872.6,442,320232.62,29,50,FALSE,3557.438441,2363.115719,No
Aarav Pillai,Jamshedpur,1104118.63,837,133812.79,32,65,TRUE,4308.914698,2541.036194,Yes
Rajesh Pillai,Vijayawada,532885.21,585,447327.69,19,65,TRUE,1303.151101,1948.803987,Yes
Divya Pandey,Kochi,915956.36,484,216021.62,32,50,FALSE,3019.276536,1478.542158,No
Sai Bose,Udaipur,483295.34,656,222064.16,39,65,TRUE,2199.163504,1800.462285,Yes
Rohan Joshi,Kochi,781232.61,408,327350.82,30,45,FALSE,2604.404707,396.0291456,No
Rajesh Yadav,Nagpur,448403.76,478,137523.24,24,25,FALSE,2772.210856,2070.869665,No
Ananya Nambiar,Dehradun,334301.32,752,415171.12,38,90,TRUE,3885.57447,918.2182591,Yes
Aditya Verma,Nagpur,586138.01,504,341255.63,16,25,FALSE,1549.46714,2242.139571,No
Vihaan Pandey,Guwahati,187073.23,388,362871.6,1,35,FALSE,1490.805434,2660.655955,No
Tanvi Yadav,Gwalior,1040712.8,717,225024.61,34,60,TRUE,1749.882718,1168.020412,Yes
Ananya Singh,Gwalior,663498.68,785,375150.03,22,80,TRUE,3630.579229,2290.918744,No
Rajesh Gupta,Indore,790300.03,372,92052.56,5,35,FALSE,570.7332832,1296.377123,No
Naveen Joshi,Jaipur,604835.92,638,176619.58,14,70,TRUE,2219.394722,650.1238325,No
Riya Tiwari,Udaipur,793418.42,461,214806.92,4,30,FALSE,1477.624601,3097.265501,No
Karthik Nair,Chennai,582440.9,413,349608,30,35,FALSE,4267.289372,1139.850479,No
Aditya Bose,Coimbatore,783985.95,642,66231.66,8,45,FALSE,2095.319684,1832.724248,No
Karthik Tiwari,Tiruchirappalli,288597.54,336,272649.62,4,30,FALSE,4335.214272,1452.466273,No
Vikram Gupta,Vadodara,1063758.71,577,377032.3,2,40,FALSE,5076.123626,619.2362939,No
Aarav Rao,Salem,909299.81,533,90857.15,3,45,FALSE,1396.136424,457.6692931,No
Aditi Rao,Nashik,1055182.82,793,64354.43,24,75,TRUE,2403.156306,2302.297823,Yes
Aarav Kumar,Mumbai,1093430.11,748,229888.23,39,95,TRUE,1344.749895,1560.981482,Yes
Sneha Verma,Aligarh,1063369.77,310,201501.52,26,25,FALSE,3605.222709,2436.177431,No
Sanjay Pandey,Raipur,219036.73,358,310850.25,3,45,FALSE,3345.078015,336.8990791,Yes
Vihaan Ghosh,Patna,373826.05,599,385899.45,38,65,TRUE,4056.60911,1966.014809,Yes
Vikram Reddy,Nashik,387496.62,806,222751.86,22,65,TRUE,2030.518205,1650.76613,Yes
Ishita Sharma,Lucknow,712822.72,599,275847.35,15,60,TRUE,519.0630464,2539.440839,Yes
Tanvi Kumar,Coimbatore,1170025.27,797,368966.12,5,85,TRUE,1052.444998,1088.372767,Yes
Priya Singh,Nagpur,611655.08,515,408748.8,23,60,TRUE,3046.76907,1965.127679,No
Divya Thakur,Shimla,1129962.88,764,216822.24,1,55,FALSE,3885.738188,827.9459902,No
Aditya Tiwari,Patna,687747.07,807,55770.58,24,80,TRUE,2136.993205,1899.424821,Yes
Praveen Jain,Gurugram,799917.85,353,460657.24,19,25,FALSE,2262.363301,2440.926772,No
Pooja Das,Jamshedpur,485105.42,521,332632.08,21,60,TRUE,2166.080397,564.5482663,Yes
Rohan Yadav,Dehradun,971354.45,594,27500.43,29,65,TRUE,2595.685273,829.6384221,Yes
Divya Kumar,Ahmedabad,1038474.59,778,499446.72,15,70,TRUE,2884.046165,536.8895753,Yes
Sneha Menon,Meerut,1120462.23,602,407127.76,36,40,FALSE,1511.58351,2690.856214,No
Riya Tiwari,Gwalior,224820.32,427,475555.92,36,40,FALSE,2830.209416,3056.610067,No
Priya Jain,Kanpur,990812.11,309,122051.97,2,15,FALSE,531.1808184,2410.128157,No
Vikram Rao,Nagpur,809253.34,381,419248.51,39,55,FALSE,5387.918677,1183.524676,No
Krishna Mishra,Udaipur,1174878.25,565,462880.96,8,45,FALSE,5027.715727,842.8534466,No
Naveen Iyer,Vadodara,1045510.6,488,494827.13,32,40,FALSE,1597.349525,412.8867162,No
Karthik Bose,Visakhapatnam,1019419.13,565,28159.01,1,40,FALSE,2825.647735,2818.612679,No
Aditya Pillai,Chennai,1128267.68,379,449761.64,28,50,FALSE,3925.83122,1031.121322,No
Praveen Ghosh,Gurugram,1074603.52,373,88172.49,27,50,FALSE,3288.578255,1734.996338,Yes
Aarav Sharma,Meerut,984167.16,683,77698.39,18,75,TRUE,2094.248864,2335.615298,Yes
Naveen Reddy,Mumbai,301092.95,516,169913.48,32,40,FALSE,2018.022144,365.3705134,No
Meera Thakur,Chandigarh,360705.97,333,359490.27,9,45,FALSE,4627.767022,2913.492648,No
Rakesh Nair,Dehradun,697412.42,728,141437.32,7,65,TRUE,1528.747936,2114.866462,Yes
Aarav Menon,Amritsar,405635.56,751,144249.29,17,80,TRUE,1889.5201,2795.267923,Yes
Krishna Das,Vadodara,989586.68,536,499155.53,20,45,FALSE,3438.761309,2357.012611,No
Divya Verma,Kanpur,973806.73,670,49632.76,30,75,TRUE,1342.214303,1745.13262,Yes
Rakesh Chatterjee,Mumbai,518030.46,717,423288.12,37,65,TRUE,1542.21384,1684.657846,Yes
Krishna Chatterjee,Gurugram,948393.54,718,229930.69,32,60,TRUE,1669.513106,2175.08163,No
Ishita Menon,Pune,1146555.65,423,50583.16,16,55,FALSE,5383.78448,3272.932947,Yes
Aarav Nambiar,Indore,212843.29,324,176798.48,10,45,FALSE,5144.218826,2105.578887,No
Priya Patel,Chennai,159645.63,547,350882.33,18,40,FALSE,2249.778816,1779.446423,No
Meera Thakur,Bhopal,896526.6,759,253672.66,40,75,TRUE,1685.686446,1736.10029,Yes
Rakesh Nair,Visakhapatnam,994148.1,821,160244.44,9,95,TRUE,1343.119438,1536.471567,Yes
Pooja Yadav,Srinagar,207086.63,480,249853.89,37,50,FALSE,1589.404878,978.3468428,No
Rakesh Menon,Gurugram,777481.36,830,294686.34,37,65,TRUE,1332.272751,219.4593737,Yes
Aditi Pillai,Mumbai,911132.02,446,219997.14,13,60,TRUE,4147.142018,2161.97272,No
Vihaan Mishra,Nagpur,205752.13,469,47184.39,18,60,TRUE,4187.282314,2364.583987,Yes
Naveen Verma,Visakhapatnam,871356.59,408,272622.41,17,30,FALSE,1548.32053,2472.649181,No
Sai Singh,Hubballi,421554.11,340,264118.71,34,50,FALSE,611.0919445,1848.052074,No
Divya Kumar,Delhi,626885.66,736,370691.96,28,60,TRUE,3322.051589,781.3895845,Yes
Pooja Yadav,Vijayawada,1129536.04,755,73780.8,31,85,TRUE,2031.081726,2442.149809,No
Rajesh Menon,Mysuru,425546.88,376,40421.31,10,40,FALSE,3744.07766,2808.346506,No
Praveen Jain,Mumbai,524059.38,743,268266.72,33,80,TRUE,1188.706773,648.6335636,No
Meera Gupta,Aurangabad,858173.82,440,300072.1,24,50,FALSE,4995.519504,1247.771957,No
Riya Chatterjee,Visakhapatnam,307924.5,808,283921.14,8,60,TRUE,3361.254807,2450.500613,No
Pooja Das,Pune,262324.91,802,266642.22,39,75,TRUE,1686.977959,446.5011304,No
Vihaan Pandey,Noida,265345.34,540,32325.96,22,35,FALSE,903.9502611,752.4244031,No
Sanjay Verma,Chennai,543344.67,801,176162.45,25,75,TRUE,2514.720805,2108.047943,Yes
Aarav Thakur,Patna,911759.84,594,40526.92,28,65,TRUE,2499.389459,466.9582204,Yes
Aditya Pandey,Coimbatore,702373.82,655,448686.28,25,40,FALSE,3534.392931,452.6516105,Yes
Riya Jain,Amritsar,316726.4,329,398294.61,17,40,FALSE,2310.232671,3191.463902,No
Ananya Verma,Aligarh,497050.56,625,482676.79,25,40,FALSE,4072.29537,1798.402234,No
Meera Jain,Shimla,587522.56,647,161983.25,2,45,FALSE,5019.268308,1425.690323,No
Praveen Thakur,Ahmedabad,488367.31,412,454503.59,39,40,FALSE,2785.857304,906.1316048,No
Naveen Menon,Jamshedpur,1033390.81,661,412230.59,4,55,FALSE,1984.235283,917.1382804,No
Rohan Thakur,Ahmedabad,227835.73,705,316851.75,14,70,TRUE,1604.782032,363.6519706,Yes
Karthik Chatterjee,Hyderabad,420544.15,313,244502.82,1,40,FALSE,5057.276015,724.3111149,Yes
Naveen Kumar,Nagpur,234892.01,608,40332.32,14,65,TRUE,2611.479478,2212.799696,Yes
Pooja Bose,Nashik,1014841.69,434,304741.28,17,25,FALSE,4160.094684,3211.426539,No
Priya Sharma,Guwahati,488419.14,455,227744.81,37,45,FALSE,2842.86665,1607.081188,Yes
Karthik Joshi,Kanpur,636630.19,824,140343.54,1,60,TRUE,2070.883737,2468.614859,Yes
Divya Joshi,Guwahati,632572.06,395,435141.05,26,55,FALSE,951.3371565,1457.148518,Yes
Rajesh Mishra,Bhopal,908397.74,808,72815.68,25,75,TRUE,2738.150028,1183.579165,Yes
Rohan Tiwari,Ahmedabad,895182.28,706,106430.06,28,80,TRUE,2073.330544,2335.560838,No
Ananya Bose,Surat,331747.36,397,429782.03,10,50,FALSE,5332.851253,1624.647915,No
Pooja Patel,Ahmedabad,345215.69,835,381189.84,36,80,TRUE,4203.471174,646.3356769,Yes
Divya Sharma,Bengaluru,1098876.46,454,37003.86,20,40,FALSE,4777.089135,2072.232343,Yes
Meera Nair,Noida,477165.99,800,118995.47,31,90,TRUE,2803.18076,1165.196854,No
Meera Pillai,Mumbai,867637.35,407,47651.35,4,25,FALSE,1212.72082,652.2074865,No
Krishna Chatterjee,Vadodara,505535.75,339,146037.31,31,35,FALSE,1523.445346,921.2665839,Yes
Tanvi Yadav,Shimla,1134509.46,420,238024.57,18,55,FALSE,3713.328701,2241.073989,No
Aditi Iyer,Jaipur,338964.94,469,164598.04,18,60,TRUE,2958.639139,2520.986679,No
Vikram Gupta,Guwahati,681090.59,783,230972.17,13,85,TRUE,3482.867846,1116.498998,Yes
Ishita Sharma,Mumbai,325671.19,785,482106.35,20,95,TRUE,3761.775097,560.5957984,Yes
Rakesh Tiwari,Ranchi,1014824.67,396,113660.41,29,50,FALSE,2272.92625,3045.45684,No
Vihaan Rao,Chandigarh,231985.16,531,484375.15,40,55,FALSE,4786.06858,506.2813521,No
Arjun Rao,Hubballi,1096787.28,676,114575.89,25,60,TRUE,2277.440697,374.1707033,No
Arjun Nair,Vadodara,676655.83,405,103985.08,13,40,FALSE,3298.33105,1992.867906,No
Sanjay Bose,Vadodara,358695.26,583,243994.09,39,40,FALSE,4393.976545,1996.511018,No
Aditya Iyer,Jamshedpur,1149585.22,450,335188.73,10,55,FALSE,1182.111922,1403.483823,No
Arjun Verma,Noida,1137622.59,735,431170.57,30,60,TRUE,2245.546247,2272.511749,No
Rajesh Menon,Gwalior,926192.46,785,335015.56,19,90,TRUE,1923.877023,201.5103066,Yes
Vikram Singh,Hubballi,575931.55,584,250407.35,9,35,FALSE,910.2424181,1760.939551,No
Tanvi Gupta,Varanasi,419506.92,745,155010.32,22,85,TRUE,2188.10452,2515.627663,No
Krishna Bose,Mysuru,261678.05,495,335498.37,23,35,FALSE,4064.549686,2736.323502,No
Vihaan Nair,Kozhikode,861823.11,559,318038.69,0,40,FALSE,2401.616573,705.1831613,No
Praveen Nambiar,Coimbatore,1169852.61,580,352233.91,3,30,FALSE,1829.893384,3100.602553,No
Meera Jain,Guwahati,257498.36,802,454548.59,30,70,TRUE,2355.821407,1144.89552,No
Priya Chatterjee,Pune,305819.77,481,369823.13,5,25,FALSE,5371.763231,1344.220258,No
Ishita Nambiar,Mumbai,947079.63,584,40239.37,39,55,FALSE,1726.578482,2401.962498,No
Aditya Iyer,Kolkata,475576.99,675,114092.41,0,60,TRUE,2633.329622,628.9774912,Yes
Rajesh Bose,Vadodara,1021968.26,451,349287.06,17,35,FALSE,4535.342107,1388.713821,No
Praveen Tiwari,Guwahati,714933.7,477,90916.46,0,35,FALSE,1964.69832,2985.471108,No
Priya Pillai,Bengaluru,460054.5,774,267754.9,7,90,TRUE,4001.082023,384.2490566,Yes
Ananya Verma,Madurai,1105379.22,473,312859.12,13,60,TRUE,1711.872558,1725.384397,Yes
Sai Pandey,Udaipur,657883.89,495,402467.19,8,40,FALSE,1151.465714,1972.482196,No
Meera Iyer,Guwahati,258160.48,723,120489.32,12,70,TRUE,2677.536634,2502.992977,No
Krishna Nambiar,Hubballi,449393.29,394,53905.23,22,45,FALSE,1949.341127,382.466642,No
Karthik Thakur,Mangalore,554473.6,337,250757.87,24,25,FALSE,2884.659096,3044.727015,No
Krishna Ghosh,Hyderabad,209629.5,512,410953.49,32,45,FALSE,887.0696171,956.2477958,No
Rohan Iyer,Kozhikode,593872.24,567,91487.24,7,55,FALSE,2654.129787,2251.244628,No
Rakesh Mishra,Mysuru,548252.38,686,343175.58,37,60,TRUE,1558.646626,2057.333517,No
Arjun Das,Thiruvananthapuram,837560.52,462,170277.92,30,55,FALSE,1763.424476,2305.290797,No
Aditi Joshi,Gwalior,1033061.92,767,204906.49,36,75,TRUE,1261.11506,2410.344117,No
Aarav Singh,Shimla,412964.48,645,460498.81,25,50,FALSE,1484.875086,3001.861767,No
Karthik Menon,Dehradun,1020225.26,710,114385.86,1,50,FALSE,3626.525785,2806.025072,No
Rajesh Rao,Dehradun,1001588.32,433,394426.72,21,45,FALSE,565.2190934,1889.471569,No
Vihaan Nair,Aligarh,466641.61,705,239643.96,29,75,TRUE,3198.963162,1784.692753,No
Ananya Bose,Kanpur,509807.26,541,150746.98,27,50,FALSE,3117.665342,2922.416144,No
Aarav Yadav,Lucknow,921593.64,652,36816.82,30,50,FALSE,1261.25242,2325.470839,No
Aditya Gupta,Varanasi,1063325.97,548,481361.37,24,60,TRUE,724.5757009,1936.557016,Yes
Vikram Das,Aligarh,572036.78,703,447949.94,4,40,FALSE,4608.095346,3329.035583,No
Rohan Gupta,Udaipur,1065953.94,540,490299.01,23,55,FALSE,1438.717334,1474.178921,No
Aarav Gupta,Meerut,1184270.54,441,53143.55,12,45,FALSE,3112.765943,2773.033011,No
Praveen Singh,Kolkata,278890.16,454,41911.9,19,55,FALSE,3390.207358,1930.063257,No
Aditi Nambiar,Aligarh,1172580.03,829,252400.99,29,85,TRUE,497.1723987,2503.684689,Yes
Rakesh Mishra,Nagpur,351626.79,464,179125.41,8,50,FALSE,1516.736368,3152.219669,Yes
Ananya Patel,Udaipur,628189.64,732,422868,19,75,TRUE,3364.207489,2501.659919,Yes
Aditi Patel,Lucknow,1121457.67,643,232181.21,23,40,FALSE,5138.545726,2781.333771,Yes
Sanjay Yadav,Visakhapatnam,1124970.03,453,468101.63,21,40,FALSE,3690.232497,3343.88199,No
Priya Nambiar,Chennai,1130789.47,588,473510.63,7,60,TRUE,2824.957396,2366.432518,No
Aarav Chatterjee,Tiruchirappalli,779365.58,603,222672.56,34,75,TRUE,3764.632577,1847.580552,Yes
Divya Das,Hubballi,326085.19,414,428063.3,2,45,FALSE,4346.815083,2158.286855,No
Rohan Chatterjee,Rajkot,904501.95,741,97231.38,22,90,TRUE,1670.226982,1929.412626,No
Rajesh Singh,Chennai,610516.35,681,304246.57,9,80,TRUE,3633.843828,1079.449051,No
Divya Patel,Ranchi,183811.86,645,354002.23,19,65,TRUE,916.9101222,1568.4306,Yes
Rohan Nair,Ahmedabad,1049045,743,433450.78,12,65,TRUE,470.0957848,1230.689641,No
Rakesh Patel,Gurugram,1005935.36,683,397064.45,30,75,TRUE,3487.204577,2386.308844,Yes
Rohan Yadav,Mumbai,392035.89,346,390962.85,25,50,FALSE,1533.821853,787.665107,No
Naveen Mishra,Bhopal,690095.63,432,175324.43,17,55,FALSE,3828.437867,916.9300738,No
Praveen Patel,Delhi,399387.62,526,85052.54,39,50,FALSE,2845.948147,2742.457234,No
Meera Verma,Nashik,1136639.05,698,442290.6,35,75,TRUE,1430.446686,2404.435551,Yes
Divya Das,Surat,847504.86,515,347943.77,10,25,FALSE,2541.262922,2624.207619,No
Riya Singh,Tiruchirappalli,309661.73,385,106369.15,33,55,FALSE,4221.28142,1995.25145,No
Praveen Bose,Jamshedpur,801580.98,470,99748.42,22,50,FALSE,4002.824027,1151.636318,No
Sai Reddy,Udaipur,1176056.51,540,154553.89,34,35,FALSE,3773.214997,2148.699941,No
Rajesh Ghosh,Salem,340738.71,596,326872.71,10,65,TRUE,3762.28082,1603.593871,Yes
Krishna Nambiar,Amritsar,1076017.82,728,158310.88,17,65,TRUE,3650.774899,2348.29754,No
Aarav Menon,Mumbai,164655.65,701,221306.51,25,80,TRUE,3037.430074,715.0643802,No
Aarav Mishra,Aligarh,737168.27,845,197821.83,29,85,TRUE,3682.53404,1780.020748,No
Pooja Das,Ranchi,939997.75,493,390415.73,1,20,FALSE,4282.250866,1680.020137,No
Ananya Das,Bhopal,949385.27,323,318618.06,39,35,FALSE,1704.107239,3192.539092,No
Rajesh Mishra,Tiruchirappalli,524037.19,823,28294.95,10,95,TRUE,4003.398772,2712.693251,No
Rohan Gupta,Nagpur,1068676.19,630,92543.32,18,65,TRUE,4220.522228,1762.195859,Yes
Naveen Yadav,Jodhpur,1000164.09,547,35702.79,29,55,FALSE,5193.399466,3026.048675,No
Rohan Ghosh,Kozhikode,778068.08,550,420195.99,4,45,FALSE,2452.953384,1650.460025,No
Ishita Joshi,Surat,469224.64,727,106996.48,34,75,TRUE,4000.311898,1278.840827,Yes
Pooja Joshi,Jaipur,782058.6,599,32681.47,2,30,FALSE,1594.139632,602.4665727,No
Rajesh Kumar,Srinagar,308610.86,406,117534.77,16,50,FALSE,4501.63164,1919.647163,No
Naveen Nambiar,Kolkata,1173289.13,647,363162.68,15,65,TRUE,3375.356661,2363.409966,Yes
Rohan Joshi,Mangalore,1022563.26,550,82246.98,21,50,FALSE,2731.085924,2468.342286,No
Sneha Tiwari,Patna,539337.91,443,61770.61,33,45,FALSE,2634.324174,2918.024589,No
Divya Patel,Aurangabad,959856.39,462,70549.9,40,35,FALSE,3770.47759,1184.955896,No
Karthik Jain,Chennai,403196.09,431,245780.25,38,60,TRUE,1192.103079,935.8696764,No
Sneha Bose,Agra,950484.79,451,379234.14,0,10,FALSE,1449.079663,2412.761224,Yes
Priya Thakur,Bhubaneshwar,1076623.65,652,445144.83,9,60,TRUE,1980.449389,2150.064246,Yes
Pooja Patel,Hubballi,701118.24,473,340976.22,30,35,FALSE,2947.369032,1810.339155,No
Pooja Patel,Amritsar,854071.21,529,186370.48,17,45,FALSE,4449.729743,1680.314275,No
Arjun Bose,Surat,804283.91,312,55636.62,33,40,FALSE,2359.573206,884.7261554,No
Aarav Tiwari,Meerut,1004113.12,819,182780.03,17,100,TRUE,1339.45703,963.5618226,Yes
Meera Kumar,Mumbai,587870.29,835,324743.73,15,90,TRUE,3610.988753,914.6775287,No
Sai Chatterjee,Hyderabad,277695.63,767,32953.57,2,70,TRUE,3535.567069,2195.124228,Yes
Tanvi Joshi,Madurai,556580.27,365,320138.55,33,60,TRUE,878.3428229,1283.815295,No
Krishna Rao,Gurugram,1036590.11,352,159265.91,40,45,FALSE,1239.894065,861.9364367,No
Ishita Nambiar,Jodhpur,1006124.87,520,118770.53,31,50,FALSE,1640.487983,2169.461085,No
Ishita Yadav,Bhubaneshwar,899179.96,767,388116.27,16,95,TRUE,3528.195233,390.9537844,Yes
Arjun Reddy,Pune,474621.83,826,412405.31,19,95,TRUE,4685.058389,2484.554732,No
Pooja Das,Kozhikode,1139714.04,486,392165.47,0,10,FALSE,1552.551085,1257.24751,Yes
Vikram Pandey,Patna,766613.98,742,491053.89,19,75,TRUE,1123.283206,1254.332294,Yes
Sanjay Joshi,Salem,638519.79,537,95369.85,19,30,FALSE,4653.294156,779.2308582,No
Pooja Iyer,Agra,488871.42,458,405739.24,10,40,FALSE,5474.455331,2944.234057,No
Meera Thakur,Ahmedabad,256338.44,633,458479.95,30,50,FALSE,3864.806654,221.8195351,No
Vihaan Rao,Jamshedpur,743259.09,783,244445.45,23,75,TRUE,921.5211686,2509.957579,Yes
Naveen Pillai,Mumbai,862293.37,702,228473.56,0,35,FALSE,4162.110418,2360.653823,No
Priya Gupta,Vijayawada,392256.42,767,372222.89,1,75,TRUE,2421.016776,636.0734746,No
Rohan Ghosh,Surat,385448.55,324,430703.7,27,45,FALSE,4057.268714,2050.822233,No
Sanjay Chatterjee,Pune,777219.64,815,170116.44,17,95,TRUE,3815.560164,1151.053092,Yes
Sanjay Yadav,Bhopal,200574.12,781,379099.46,24,90,TRUE,2174.236563,2542.164163,No
Ishita Singh,Hyderabad,531564.15,684,251034.69,6,80,TRUE,2146.264234,359.3755182,Yes
Karthik Iyer,Agra,838824.7,783,74889.97,4,55,FALSE,1087.050817,2292.01145,No
Rajesh Patel,Gwalior,845220.4,606,443340.47,12,65,TRUE,1422.672608,2222.90777,Yes
Riya Sharma,Jaipur,546483.91,322,71266.48,4,50,FALSE,703.5193111,307.8108191,No
Rakesh Menon,Srinagar,320565.66,519,374729.24,20,55,FALSE,3347.02848,361.3622088,No
Aditi Chatterjee,Rajkot,467401.9,443,71795.69,26,55,FALSE,1212.699549,2982.064444,No
Aarav Reddy,Delhi,232669.82,747,195051.66,32,90,TRUE,845.7314035,2153.563952,Yes
Praveen Joshi,Jodhpur,925731.18,377,233587.83,5,20,FALSE,4653.213364,2011.644676,No
Sai Kumar,Chandigarh,265984.24,374,92877.78,27,35,FALSE,3565.831172,2726.429512,No
Rajesh Iyer,Dehradun,1138376.77,486,48033.27,36,40,FALSE,5171.150219,2093.75062,No
Ananya Gupta,Visakhapatnam,279161.34,600,429079.43,39,70,TRUE,4092.951591,2069.084948,Yes
Sneha Nambiar,Mumbai,517018.6,634,248722.18,29,65,TRUE,666.942572,1779.852947,No
Vikram Jain,Srinagar,406323,456,143802.42,9,50,FALSE,2875.944978,1142.749663,No
Krishna Patel,Jaipur,949960.05,370,224831.29,20,50,FALSE,5599.884205,2769.067024,No
Rakesh Jain,Bengaluru,479516.04,440,145563.32,7,45,FALSE,2123.882338,2938.616461,No
Aarav Nambiar,Srinagar,476091.41,749,289535.41,12,80,TRUE,3631.195895,1021.325533,No
Karthik Das,Gurugram,1074400.21,828,414082.63,10,100,TRUE,622.4524587,1658.628766,Yes
Sanjay Rao,Delhi,737986.95,725,225161.31,13,55,FALSE,2256.328439,3097.34686,No
Aditi Das,Vijayawada,1061252.39,730,489480.92,6,55,FALSE,1293.560516,594.9367704,No
Pooja Patel,Kolkata,358005.89,534,361864.9,5,30,FALSE,2919.585207,2131.29279,Yes
Rakesh Joshi,Salem,855199.57,346,261866.08,15,55,FALSE,4958.600487,1495.971972,Yes
Divya Ghosh,Jodhpur,710646.05,339,118024.23,38,35,FALSE,4534.467173,227.3593373,No
Riya Rao,Meerut,430980.69,729,438444,11,70,TRUE,1095.661097,2574.930968,No
Naveen Singh,Hubballi,710971.67,412,324758.34,1,35,FALSE,806.474271,1852.884155,No
Arjun Reddy,Chennai,1176146.43,639,328214.48,30,75,TRUE,3667.042983,772.4334343,No
Meera Iyer,Mumbai,635990.91,473,447059.38,6,55,FALSE,2279.369881,3086.44873,No
Aarav Nair,Mangalore,868137.25,725,24951.98,28,70,TRUE,2601.644671,1579.218582,Yes
Rohan Chatterjee,Patna,457047.94,431,235418.1,34,25,FALSE,3732.812705,2697.851143,No
Sai Kumar,Visakhapatnam,693145.49,500,194179.18,14,30,FALSE,4048.987384,882.7904445,No
Sai Rao,Kochi,874660.9,589,357743.38,6,60,TRUE,985.6289417,2541.675843,No
Naveen Rao,Jamshedpur,518160.92,832,478074.52,36,90,TRUE,2755.265308,491.0231894,Yes
Vikram Mishra,Raipur,653612.26,335,262956.42,40,55,FALSE,1368.503572,1257.148109,No
Rakesh Thakur,Amritsar,210202.47,543,285328.58,25,45,FALSE,1573.768907,2945.999528,No
Divya Thakur,Mangalore,910467.25,715,426082.25,13,80,TRUE,4477.291691,760.102371,Yes
Sai Gupta,Pune,165817.94,645,425936.09,11,50,FALSE,571.6533822,1947.480526,No
Karthik Bose,Amritsar,563480.6,364,40139.34,27,40,FALSE,3814.137073,3324.784004,No
Pooja Sharma,Udaipur,1078630.19,423,65424.62,18,50,FALSE,4983.962927,536.9158657,No
Arjun Verma,Aurangabad,499500.35,707,103594.83,12,50,FALSE,2793.585538,979.186887,Yes
Priya Menon,Nagpur,1186309.41,838,189874.51,9,85,TRUE,1257.287284,292.6262092,Yes
Arjun Nambiar,Udaipur,997374.11,470,128394,10,45,FALSE,3915.956721,1154.16147,No
Riya Nair,Bhubaneshwar,599772.19,455,359357.51,39,25,FALSE,2880.952193,2457.692827,Yes
Pooja Singh,Vijayawada,582462.18,731,304849.86,29,60,TRUE,557.2815989,772.59954,Yes
Divya Ghosh,Jamshedpur,301619.9,513,281323.77,39,50,FALSE,2340.527091,1468.961595,No
Vihaan Menon,Hubballi,806402.55,464,320941.97,25,55,FALSE,3048.720433,2792.755513,No
Riya Ghosh,Varanasi,940486.22,372,192093.85,17,30,FALSE,5347.408456,2578.797813,No
Ananya Gupta,Hyderabad,464589.42,582,156754.36,0,50,FALSE,3768.435459,2248.068204,No
Praveen Chatterjee,Kozhikode,438107.8,605,266775.78,34,50,FALSE,649.6332842,385.1971339,No
Praveen Bose,Vijayawada,515652.19,690,477114.75,7,75,TRUE,1196.677587,1973.81238,Yes
Pooja Singh,Srinagar,992146.33,835,185918.36,5,95,TRUE,838.1591877,1521.175536,No
Aarav Verma,Guwahati,454113.55,731,242003.87,40,75,TRUE,2044.395526,1359.388644,Yes
Aditi Das,Thiruvananthapuram,516537.16,636,199024.07,16,60,TRUE,724.0664273,472.0296022,Yes
Rajesh Nambiar,Agra,201092.16,744,455380.8,17,85,TRUE,1037.742257,1139.716305,Yes
Naveen Bose,Vijayawada,1147188.15,343,262529.11,6,30,FALSE,2607.661662,334.6528375,No
Naveen Iyer,Kanpur,560456.45,669,303559.62,38,55,FALSE,2908.851114,2241.636376,No
Riya Menon,Bhopal,1124476.31,771,49918.83,33,85,TRUE,3163.066008,1965.001435,Yes
Karthik Sharma,Amritsar,934347.68,521,314902.15,11,35,FALSE,2910.452663,1508.700717,No
Sai Jain,Chennai,235887.73,559,476660.91,22,45,FALSE,2168.463498,1789.221915,No
Sai Verma,Nagpur,524439.77,464,110097.31,35,55,FALSE,1182.390543,2912.961204,No
Ishita Yadav,Shimla,384227.42,811,190894.78,21,95,TRUE,1141.095018,1676.677475,Yes
Praveen Joshi,Gwalior,383683.38,403,348040.83,5,35,FALSE,4915.933311,2465.976993,No
Meera Pandey,Kochi,581802.72,571,312249.82,31,35,FALSE,2371.401215,3390.972783,No
Sai Mishra,Chandigarh,863732.77,414,255627.66,37,50,FALSE,4284.873046,1955.583086,No
Pooja Nambiar,Indore,368026.92,482,138679.12,39,50,FALSE,1714.906444,1037.551184,Yes
Vikram Menon,Ahmedabad,654992.29,648,397578.14,22,40,FALSE,5092.002981,950.8227817,No
Meera Mishra,Hyderabad,905551.94,631,118121.86,28,65,TRUE,658.0900185,1010.839777,Yes
Tanvi Tiwari,Vijayawada,526853.98,524,163146.9,14,40,FALSE,3192.01494,976.0040092,No
Sneha Das,Salem,1009252.5,794,243819.69,26,85,TRUE,2264.215917,2098.105481,No
Tanvi Reddy,Jodhpur,1159510.83,709,94201.88,36,65,TRUE,880.351801,2589.234811,No
Naveen Pandey,Jaipur,1118873.33,741,203956.98,23,90,TRUE,604.1503189,2385.254112,No
Arjun Verma,Indore,417791.07,629,214674.53,15,65,TRUE,1326.685518,2368.567022,Yes
Praveen Menon,Mumbai,330516.01,533,443247.04,22,25,FALSE,4445.675159,1499.738649,No
Vihaan Rao,Agra,159710.39,354,333032.02,39,55,FALSE,4449.828577,1019.263605,No
Vikram Tiwari,Tiruchirappalli,474278.54,358,446076.81,30,25,FALSE,564.1752457,2747.675488,No
Ananya Bose,Ahmedabad,531768.66,328,481556.7,38,35,FALSE,1023.319174,2452.092104,No
Aarav Patel,Chandigarh,613953.51,611,81844.29,14,70,TRUE,1289.461169,2217.636247,Yes
Krishna Nair,Srinagar,1014703.48,622,111506.47,39,75,TRUE,880.7980926,2223.783768,Yes
Tanvi Sharma,Salem,352831.29,465,168072.36,12,50,FALSE,5275.702694,820.3315159,No
Arjun Menon,Thiruvananthapuram,596993.57,806,122381.07,7,75,TRUE,2421.398998,567.1755352,Yes
Meera Kumar,Noida,641864.8,785,366615.1,21,80,TRUE,3680.64493,613.5918679,Yes
Vikram Jain,Chandigarh,380745.86,392,362014.03,16,60,TRUE,3276.338067,2128.411143,Yes
Rakesh Thakur,Agra,1083425.96,836,306010.48,1,75,TRUE,1834.453376,959.9305286,No
Rohan Sharma,Udaipur,699976.1,841,265789.59,0,75,TRUE,1548.482787,258.4880213,Yes
Sai Reddy,Ranchi,1148969,493,120862.21,39,50,FALSE,2901.410728,1796.702952,No
Aarav Patel,Thiruvananthapuram,575569.56,481,281820.66,11,25,FALSE,4606.481111,3135.220845,No
Sai Jain,Gurugram,613193.23,619,399338.1,6,50,FALSE,1320.366468,459.5375436,No
Sneha Iyer,Kozhikode,997163.88,645,468042.25,35,70,TRUE,3505.716268,2552.858831,Yes
Vikram Sharma,Thiruvananthapuram,691719.8,545,167525.16,12,35,FALSE,2614.905676,1725.290018,No
Praveen Bose,Jodhpur,191912.11,401,447935.16,5,45,FALSE,4901.340652,352.3713127,No
Sanjay Jain,Madurai,694229.77,589,113048.53,8,65,TRUE,3899.039506,768.7449329,Yes
Pooja Menon,Nagpur,544424.78,384,492533.7,1,35,FALSE,3084.811407,1945.259337,No
Aditi Mishra,Mysuru,483390.06,356,234814.23,2,40,FALSE,3218.1452,753.7763321,No
Aditi Yadav,Salem,183148.03,349,201483.19,1,30,FALSE,914.2580057,2303.513863,No
Priya Rao,Gurugram,811184.26,820,325381.33,11,95,TRUE,3911.532415,425.9110115,Yes
Vikram Nair,Gwalior,591088.14,490,374944.37,20,30,FALSE,2649.485164,2959.722455,No
Rakesh Patel,Amritsar,1166276.61,419,73606.32,0,35,FALSE,1282.402377,2414.661144,No
Rajesh Iyer,Pune,336698.81,533,447394.3,25,50,FALSE,909.9936248,3321.561549,No
Priya Ghosh,Delhi,464749.91,617,432112.33,17,65,TRUE,3129.061723,1450.196902,Yes
Arjun Pillai,Kozhikode,805302.92,799,324070.45,38,85,TRUE,1485.687508,209.1308555,No
Pooja Reddy,Hyderabad,1048294.09,372,337336.26,7,30,FALSE,3772.169604,2483.441543,No
Sneha Mishra,Udaipur,172040.52,562,165199.9,25,45,FALSE,1351.123386,2587.859546,No
Pooja Kumar,Raipur,283455.86,704,132949.43,5,75,TRUE,3989.918333,1094.317898,Yes
Sai Patel,Mysuru,342904.89,534,398158.16,24,60,TRUE,738.5599216,1999.197749,No
Rohan Verma,Shimla,1157700.52,748,119368.35,9,70,TRUE,1293.712212,2596.567444,No
Rakesh Nair,Varanasi,388133.09,625,177288.15,36,70,TRUE,4031.726332,427.7027623,Yes
Aditi Sharma,Jaipur,203481.83,773,192925.16,3,70,TRUE,584.6973266,2371.813494,Yes
Riya Chatterjee,Chennai,405771.29,643,85015.89,28,65,TRUE,2181.027987,2327.481358,No
Rakesh Tiwari,Bhopal,243153.96,625,442746.51,7,60,TRUE,1333.666002,2608.403243,No
Meera Jain,Raipur,1123936.07,679,163577.08,9,80,TRUE,2324.522487,432.9636053,Yes
Ishita Iyer,Jamshedpur,507286.88,422,498777.53,40,40,FALSE,1018.096534,857.0054089,No
Sanjay Patel,Kanpur,428883.51,589,464258.12,39,60,TRUE,2956.494497,957.4086891,Yes
Aditi Reddy,Madurai,168619.32,765,43849.26,9,70,TRUE,1607.674428,428.0206204,Yes
Rohan Verma,Raipur,950911.78,697,447320.33,10,65,TRUE,3598.616997,336.3841251,Yes
Rakesh Yadav,Indore,348036.45,532,272022.88,8,50,FALSE,1562.118921,976.0926955,No
Vikram Mishra,Kolkata,1147657.68,763,111111.58,24,90,TRUE,1934.133639,971.1724961,No
Rakesh Menon,Hubballi,1056993.54,551,412360.18,12,50,FALSE,1972.584888,945.1414842,No
Tanvi Singh,Kochi,815169.59,718,158069.64,19,50,FALSE,4696.939926,2956.754544,No
Karthik Tiwari,Vijayawada,364917,352,167367.01,13,45,FALSE,3553.850892,1651.972661,No
Tanvi Mishra,Mangalore,493174.82,324,264461.22,13,50,FALSE,3125.10431,1716.762236,No
Vihaan Patel,Rajkot,1034709.47,502,269762.04,26,50,FALSE,2044.959541,2077.653037,No
Rakesh Chatterjee,Madurai,403382.43,336,291325.54,6,45,FALSE,3808.498098,3266.34434,No
Meera Iyer,Nashik,806198.68,665,366739.74,9,70,TRUE,2128.103112,2369.467642,Yes
Arjun Ghosh,Bhopal,422730.69,786,232482.52,11,90,TRUE,4233.766425,1721.123584,Yes
Aarav Jain,Mysuru,738913.55,845,239083.08,26,80,TRUE,3890.699064,1936.23683,Yes
Aditya Iyer,Mumbai,1080583.04,416,175379.23,9,35,FALSE,2157.490547,434.2743396,No
Priya Yadav,Thiruvananthapuram,265989.26,474,91819.67,37,60,TRUE,4246.621678,1551.00146,Yes
Ishita Menon,Kozhikode,151204.14,803,445548.29,36,90,TRUE,1604.538824,513.8274295,Yes
Karthik Joshi,Amritsar,762379.03,607,127626.22,25,65,TRUE,3719.137134,1801.346688,No
Pooja Mishra,Jamshedpur,357221.44,385,458692.58,38,55,FALSE,1120.286852,569.8424303,No
Riya Nambiar,Indore,371227.61,496,383660.33,17,25,FALSE,4605.050229,2162.44024,Yes
Rakesh Mishra,Kanpur,970341.82,613,282753.34,28,65,TRUE,3005.34916,2049.401183,Yes
Aditya Ghosh,Thiruvananthapuram,466401.32,332,244820.15,39,30,FALSE,3695.854831,1107.724221,Yes
Priya Jain,Kolkata,409709.59,336,112349.51,17,25,FALSE,4531.320592,1981.561837,No
Sneha Gupta,Lucknow,262897.98,435,278540.16,16,50,FALSE,2967.980119,701.7106471,No
Aarav Tiwari,Delhi,473445.42,626,157327.06,7,60,TRUE,3525.415537,2577.056784,Yes
Karthik Das,Noida,507974.99,366,77882.54,36,45,FALSE,1534.925203,2457.153708,No
Ishita Kumar,Delhi,801148.44,372,386443.52,37,60,TRUE,924.3725088,1937.803611,Yes
Pooja Jain,Thiruvananthapuram,837278.15,424,408941.06,8,30,FALSE,543.4372209,2287.14409,No
Sneha Pillai,Salem,369005.75,743,220777.39,14,85,TRUE,826.1448501,462.8192348,No
Aarav Chatterjee,Gwalior,978722.97,807,428315.46,11,90,TRUE,2633.055335,2795.45207,Yes
Aarav Menon,Aligarh,511101.6,381,279116.22,12,50,FALSE,4731.350974,1162.773989,Yes
Arjun Nair,Kozhikode,1099413.15,377,26764.42,11,30,FALSE,3832.544317,2933.81127,Yes
Praveen Singh,Bhopal,228152.48,603,52778.46,26,55,FALSE,3288.551995,1530.646789,No
Aarav Mishra,Ahmedabad,642330.22,307,99072.84,16,50,FALSE,2262.621101,1800.384634,No
Vikram Singh,Pune,573760.48,740,22919.16,28,90,TRUE,4510.497242,344.4324826,Yes
Divya Yadav,Bhopal,661217.94,568,274778.97,20,25,FALSE,2267.666127,788.9267447,No
Meera Rao,Guwahati,672735.09,620,390572.39,12,65,TRUE,451.1705111,1990.580552,Yes
Vikram Menon,Shimla,795376.17,632,201243.3,29,40,FALSE,3044.846633,3023.218891,No
Tanvi Nambiar,Amritsar,790984.97,442,462285.08,24,45,FALSE,4156.556249,1390.606463,No
Divya Singh,Thiruvananthapuram,1145208.45,488,59919.74,6,50,FALSE,686.8604045,473.784222,No
Naveen Chatterjee,Vadodara,627684.31,462,205984.41,35,55,FALSE,4813.981836,556.4910152,No
Priya Mishra,Indore,668476.64,799,54844.34,3,60,TRUE,3481.658155,2711.646153,Yes
Vikram Menon,Nashik,495445.07,540,452805.59,31,25,FALSE,3706.394103,2505.614522,No
Aditi Ghosh,Gwalior,673955.62,842,74653.3,21,90,TRUE,4187.330555,436.5829804,Yes
Tanvi Kumar,Jaipur,431329.66,364,393703.19,28,60,TRUE,2340.383179,1848.12732,Yes
Naveen Thakur,Visakhapatnam,659520.8,787,489742.29,35,75,TRUE,469.4462056,2038.302388,No
Arjun Das,Hubballi,158564.33,534,57154.14,37,35,FALSE,2756.488728,691.0702558,No
Aditya Yadav,Bengaluru,756311.1,823,158341.12,24,100,TRUE,1493.013718,2056.470446,No
Pooja Menon,Hyderabad,658237.78,368,301025.54,24,50,FALSE,5172.257823,500.7000019,No
Sai Sharma,Jaipur,1007573.51,360,105733.77,15,45,FALSE,2803.27175,802.8414472,No
Ishita Yadav,Nagpur,266924.61,627,197393.66,20,65,TRUE,3898.919344,1049.204308,Yes
Tanvi Yadav,Visakhapatnam,948963.66,602,223642.89,3,30,FALSE,5218.047859,237.9053424,Yes
Sai Bose,Nagpur,628788.11,733,474248.83,0,60,TRUE,3345.435138,2771.189864,Yes
Vihaan Pandey,Aligarh,1163654.76,380,450512.15,29,40,FALSE,4536.859149,2983.459581,No
Rohan Patel,Jodhpur,748637.77,621,185164.58,17,75,TRUE,3075.448411,1518.452197,Yes
Naveen Reddy,Shimla,276068.24,630,436213.62,7,70,TRUE,3911.956593,2489.390957,Yes
Ananya Mishra,Ahmedabad,1157439.98,684,315424.17,1,60,TRUE,981.5230014,1247.670402,Yes
Tanvi Reddy,Hubballi,305077.66,589,296085.21,36,65,TRUE,725.5668378,321.5287062,Yes
Divya Patel,Raipur,311808.21,467,176739.28,15,40,FALSE,3508.203594,2092.565171,No
Sneha Joshi,Surat,1163938.84,804,164020.22,34,80,TRUE,2189.493569,1904.509545,Yes
Tanvi Ghosh,Bengaluru,710967.49,512,197135.28,10,50,FALSE,3597.195456,1574.327861,No
Vihaan Jain,Srinagar,311913.26,324,37090.97,14,60,TRUE,3379.073909,1755.566519,No
Vikram Bose,Thiruvananthapuram,319404.7,627,422745.17,24,70,TRUE,1649.797026,2570.10537,No
Rohan Pillai,Jodhpur,198492.7,369,294562.67,12,60,TRUE,2649.99973,1163.011072,Yes
Pooja Reddy,Udaipur,353050.25,676,216186.68,10,70,TRUE,971.3184391,2344.000422,Yes
Divya Rao,Noida,579935.25,823,168614.06,10,95,TRUE,1601.648962,1009.973466,Yes
Vikram Chatterjee,Visakhapatnam,239107.06,702,449022.53,18,85,TRUE,3233.309111,1210.574027,Yes
Sanjay Mishra,Mangalore,828016.89,342,143931.82,6,20,FALSE,4132.739887,329.6148719,Yes
Karthik Jain,Ranchi,390968.63,610,439879.89,29,70,TRUE,2882.813038,1979.726864,Yes
Krishna Pandey,Gurugram,1040793.37,617,41460.99,13,55,FALSE,2918.761706,1378.797166,No
Vikram Nair,Noida,644909.43,700,372871.52,10,60,TRUE,2615.356582,572.9503307,Yes
Priya Thakur,Patna,343790.95,300,165798.87,39,60,TRUE,3486.337355,1440.285392,No
Praveen Rao,Coimbatore,746621.64,463,176382.86,3,50,FALSE,2369.796921,395.1614708,No
Praveen Sharma,Agra,203452.16,322,369508.08,2,30,FALSE,2352.646654,784.5065714,No
Krishna Bose,Chennai,902143.59,331,337924.3,11,35,FALSE,3010.599703,2025.620588,No
Karthik Bose,Surat,502649.24,791,233104.97,9,90,TRUE,1703.643153,2408.093527,Yes
Ishita Nair,Rajkot,532556.9,722,456257.68,0,40,FALSE,2490.702518,1064.064556,No
Naveen Mishra,Chennai,1117283.93,324,196913.2,17,40,FALSE,2787.981266,929.8319629,No
Priya Pandey,Pune,904765.68,745,31835.01,31,60,TRUE,1004.729914,2394.191541,Yes
Pooja Reddy,Ahmedabad,616976.8,767,232447.52,34,90,TRUE,1530.284643,2040.052269,No
Sanjay Menon,Agra,533778.76,655,126656.82,11,70,TRUE,1266.874491,1266.137944,Yes
Naveen Das,Kozhikode,782027.45,717,484198.76,27,80,TRUE,2234.665664,716.0897942,No
Sai Nambiar,Gurugram,1198846.97,468,490529.29,21,60,TRUE,3863.052374,395.6625195,Yes
Naveen Nambiar,Kochi,780306.18,442,192013.67,25,30,FALSE,3250.378872,1749.409304,No
Arjun Reddy,Hubballi,276797.61,560,186375.69,10,40,FALSE,1583.734055,1664.712279,No
Ananya Thakur,Udaipur,585382.02,704,320850.07,25,60,TRUE,1582.803026,2339.438534,Yes
Sneha Yadav,Surat,230926.48,459,60018.86,12,50,FALSE,1657.390823,1996.870854,No
Naveen Singh,Dehradun,951185.91,613,313857.08,25,60,TRUE,698.8848691,670.5965974,Yes
Naveen Thakur,Gurugram,926334.95,602,42130.54,13,75,TRUE,2886.805406,1186.811721,No
Aditya Verma,Tiruchirappalli,847972.8,732,71582.05,25,50,FALSE,1788.657629,2415.87684,No
Meera Reddy,Noida,959569.82,789,156748.83,39,60,TRUE,4290.056252,325.4205386,No
Pooja Singh,Madurai,1004005.45,561,476092.74,30,35,FALSE,3462.80211,2502.941171,No
Sai Gupta,Ahmedabad,272954.64,802,122981,24,100,TRUE,3714.321325,2151.12723,No
Arjun Verma,Udaipur,755569.99,384,264953.2,40,25,FALSE,1681.633564,438.0202772,No
Arjun Pillai,Pune,201048.54,335,382795.66,19,40,FALSE,1888.244686,280.9021117,No
Rakesh Rao,Nagpur,313548.6,328,445221.85,28,40,FALSE,1761.767205,1929.402354,No
Aditi Thakur,Mysuru,917154.14,349,162253.62,37,50,FALSE,819.3477977,1911.014949,No
Praveen Das,Bhopal,791782.82,340,447109.56,38,50,FALSE,3704.3821,1434.094739,No
Priya Patel,Nagpur,522254.11,305,185993.48,11,25,FALSE,3130.768057,2302.894708,No
Sai Patel,Dehradun,701022.57,805,187597.92,28,80,TRUE,1612.012101,526.8411808,Yes
Praveen Menon,Bhubaneshwar,386226.62,321,22866.18,33,40,FALSE,667.683067,1145.049798,No
Sanjay Mishra,Vijayawada,415144.6,746,33177.8,27,75,TRUE,4045.178026,223.2285006,Yes
Priya Menon,Vijayawada,704038.68,549,73914.5,7,55,FALSE,5224.361049,2289.642761,No
Rajesh Iyer,Salem,557196.1,682,280094.69,16,75,TRUE,3792.982902,2483.712837,Yes
Ishita Tiwari,Coimbatore,1026815.32,537,428792.21,9,50,FALSE,1805.953116,291.762398,No
Rakesh Ghosh,Mumbai,213336.63,415,105244.19,17,35,FALSE,4101.106542,2151.213336,No
Rohan Nambiar,Nagpur,229718.93,791,262641.91,12,75,TRUE,1342.535469,1375.546866,Yes
Ishita Verma,Salem,591843.81,372,149016.38,8,40,FALSE,4664.076283,996.0400698,No
Aditi Patel,Noida,859268.44,468,354869.97,40,25,FALSE,5537.027062,979.4149105,No
Praveen Iyer,Pune,732025.84,361,100488.05,2,40,FALSE,2652.527278,1049.751759,No
Sai Iyer,Ranchi,442526.91,430,458557.77,39,55,FALSE,3730.126508,2439.408007,No
Vihaan Yadav,Mangalore,747430.06,594,96078.36,4,45,FALSE,1516.334895,3255.695294,No
Aarav Iyer,Indore,719212.23,340,370545.43,17,55,FALSE,5533.669556,1167.340478,No
Karthik Ghosh,Guwahati,494411.12,634,234462.29,30,70,TRUE,2216.360067,1052.767886,No
Ananya Gupta,Patna,315403.55,801,125570.05,34,80,TRUE,1762.676757,1257.074143,Yes
Aditya Sharma,Thiruvananthapuram,858271.71,825,322300.27,20,90,TRUE,538.7528136,2455.761302,Yes
Meera Das,Vijayawada,153244.1,496,56425.87,33,55,FALSE,1722.348603,2589.764181,No
Rohan Nambiar,Patna,904341.73,442,382271.76,18,45,FALSE,2519.582024,1853.711588,No
Arjun Bose,Kanpur,766855.08,832,464663.5,7,65,TRUE,1781.018226,2395.79355,Yes
Divya Reddy,Pune,867800.04,645,146747.18,31,60,TRUE,4053.987503,542.6038049,Yes
Priya Nair,Meerut,292793.46,427,316298.67,35,45,FALSE,1805.613353,1359.259928,No
Pooja Yadav,Dehradun,245735,583,111396.56,36,65,TRUE,3867.921484,622.3945965,Yes
Krishna Pillai,Patna,375674.48,747,488407.97,20,70,TRUE,2701.456233,1830.296766,Yes
Sneha Bose,Guwahati,151807.73,410,253686.62,34,40,FALSE,4581.995787,1813.562007,Yes
Sanjay Singh,Gwalior,391059.44,361,141279.97,7,45,FALSE,4993.018642,902.5477978,No
Aditya Singh,Kanpur,156289.85,573,26144.88,22,50,FALSE,4720.540601,3267.317545,No
Vikram Chatterjee,Shimla,457624.42,692,327966.44,34,50,FALSE,919.2009822,1198.318487,No
Vihaan Iyer,Thiruvananthapuram,831298.66,397,82747.15,26,55,FALSE,4849.409459,1932.520897,No
Aarav Rao,Thiruvananthapuram,1052329.27,303,473661.87,19,55,FALSE,1599.524598,704.3260031,No
Vikram Iyer,Visakhapatnam,428105.38,383,462818.15,28,45,FALSE,2616.353382,2952.662736,Yes
Aditya Patel,Madurai,1000606.49,510,388598.7,31,50,FALSE,5312.04125,1973.089872,No
Sai Bose,Pune,880249.16,752,194724.72,13,70,TRUE,3089.230145,1024.622484,Yes
Divya Rao,Hubballi,617948.12,512,102462.58,20,55,FALSE,3822.852444,573.8511389,No
Tanvi Das,Bhubaneshwar,688037.69,780,214103.17,36,95,TRUE,1648.429968,958.7715068,Yes
Rohan Thakur,Pune,547370.76,690,288937.11,31,75,TRUE,2573.473545,2438.232045,Yes
Ananya Tiwari,Ahmedabad,506492.48,575,494719.56,16,25,FALSE,4625.105316,655.5888371,No
Meera Pandey,Jaipur,730691.34,690,229140.99,3,60,TRUE,3308.815091,602.1626238,Yes
Sneha Sharma,Visakhapatnam,947184.23,556,90605.99,33,55,FALSE,4983.102747,837.6780528,No
Sanjay Das,Agra,1176084.62,534,204816.25,19,50,FALSE,1372.014073,1524.31258,No
Sai Joshi,Agra,1112621.53,595,49887.44,30,50,FALSE,1183.579358,762.1868267,No
Ishita Mishra,Amritsar,791032.22,368,279600.49,17,60,TRUE,3315.895245,567.7973872,Yes
Krishna Kumar,Vadodara,156158.08,551,47780.81,20,55,FALSE,3543.330195,336.4754069,No
Sai Mishra,Bengaluru,256697.66,703,215783.25,10,85,TRUE,3907.060806,1103.185471,Yes
Rohan Joshi,Salem,199391.46,773,471405.92,29,75,TRUE,3312.273459,2337.885905,Yes
Sanjay Iyer,Lucknow,1035337.73,300,458114.57,29,50,FALSE,1065.92124,2405.176496,No
Rohan Bose,Kozhikode,695152.28,832,63591.38,38,95,TRUE,1612.12287,301.4771148,Yes
Praveen Joshi,Chandigarh,327497.88,470,373291.24,31,35,FALSE,4772.404059,1754.188993,No
Priya Das,Jodhpur,705169.33,722,236911.15,24,60,TRUE,3139.099375,658.4581525,Yes
Meera Sharma,Ahmedabad,1008847.97,760,121286.21,8,70,TRUE,1929.528841,2484.914472,Yes
Sai Das,Varanasi,1053998.87,798,324211.68,29,90,TRUE,1976.139028,1955.55091,No
Priya Iyer,Patna,587783.8,551,197581.08,40,50,FALSE,5266.712801,2533.069733,Yes
Meera Das,Jodhpur,961295.47,379,341678.86,18,25,FALSE,4282.756008,1157.747206,No
Karthik Menon,Bhubaneshwar,275209.12,498,274592.45,32,40,FALSE,1690.785316,1668.295925,No
Naveen Pillai,Jamshedpur,686358.2,523,138531.93,33,40,FALSE,1519.521052,267.5373971,Yes
Sanjay Nambiar,Hyderabad,1102668.79,591,322077.73,3,60,TRUE,1724.215027,204.5546658,No
Divya Pillai,Bhopal,1011052.46,337,252454.7,35,40,FALSE,4551.615157,1035.696214,Yes
Rajesh Tiwari,Surat,551047.98,750,129808.62,40,80,TRUE,1629.617699,2206.041013,Yes
Vikram Verma,Mangalore,214627.39,525,397529.31,2,40,FALSE,1499.276209,1811.330511,No
Ananya Das,Aurangabad,180610.29,455,242757.58,35,55,FALSE,1073.798727,3198.798643,No
Meera Pandey,Vijayawada,863237.9,794,83937.5,14,85,TRUE,1914.921387,569.6869941,No
Rohan Nambiar,Hyderabad,415045.93,650,207623.52,23,40,FALSE,3590.529985,2753.177938,No
Ishita Ghosh,Kanpur,893762.43,839,351993.16,37,100,TRUE,3835.316877,1213.935996,Yes
Sneha Mishra,Kochi,796983.04,744,477034.88,17,85,TRUE,3298.559304,1208.704518,Yes
Naveen Ghosh,Nashik,816111.34,607,482736.81,6,60,TRUE,3993.750883,2302.964439,No
Meera Rao,Gurugram,230054.75,456,360563.49,34,45,FALSE,2998.212022,466.8101176,No
Sai Reddy,Noida,371500.19,466,279227.93,30,25,FALSE,1559.574469,1924.734955,Yes
Tanvi Joshi,Visakhapatnam,298439.63,457,140296.65,30,50,FALSE,5041.532912,2779.93889,No
Ananya Ghosh,Pune,832345.96,705,469095.07,13,75,TRUE,3121.418221,284.8044747,No
Aditi Verma,Vadodara,205043.63,634,141869.76,24,65,TRUE,1658.385221,1799.5667,Yes
Praveen Yadav,Noida,888618.97,394,351698.99,9,45,FALSE,5462.613531,1010.796041,No
Meera Reddy,Kozhikode,714588.89,389,379934.43,10,60,TRUE,1112.153273,2393.162562,No
Divya Kumar,Agra,465268.66,474,462864.1,31,25,FALSE,4564.50439,2116.883666,No
Naveen Kumar,Mangalore,222349.09,366,488803.16,38,55,FALSE,4310.556204,2761.963706,Yes
Rajesh Pillai,Nagpur,499935.27,332,55286.73,21,55,FALSE,3862.612319,3333.343936,No
Ananya Tiwari,Visakhapatnam,805625.99,600,468369.03,25,65,TRUE,3006.706411,522.8345495,Yes
Ishita Yadav,Bengaluru,211390,546,43540.1,9,40,FALSE,1657.282546,870.9718227,No
Aditya Das,Ranchi,957661.13,589,429640.32,20,70,TRUE,3123.248292,1374.33673,No
Rakesh Kumar,Hyderabad,1134504.13,609,386442.58,13,65,TRUE,3782.987588,2095.307684,Yes
Karthik Yadav,Gurugram,706668.53,350,426777.41,16,60,TRUE,1385.941441,1563.498306,No
Naveen Nair,Kochi,314705.08,760,91318.17,20,80,TRUE,3888.686964,1657.670645,No
Vikram Das,Aurangabad,1158013.93,468,364368.83,26,55,FALSE,3596.157117,442.9370663,No
Aditya Joshi,Salem,518464.91,584,368078.82,11,70,TRUE,2661.722475,1980.988406,Yes
Pooja Bose,Salem,362476.48,645,420169.18,6,60,TRUE,2297.983501,2297.447938,Yes
Sneha Thakur,Coimbatore,1069557.98,580,53566.84,25,65,TRUE,1439.646013,651.6094482,Yes
Aarav Ghosh,Guwahati,454765.62,340,385247.11,37,55,FALSE,536.8561952,1659.822863,No
Naveen Nair,Agra,367995.61,364,387933.43,26,40,FALSE,5618.843381,1839.052219,No
Priya Pandey,Coimbatore,963043.05,528,318461.14,16,35,FALSE,4350.909185,1618.836589,No
Rohan Nair,Nashik,648323.52,560,54324.44,16,55,FALSE,4041.254444,994.7990939,Yes
Arjun Singh,Surat,798068.07,740,268598.42,4,75,TRUE,3319.910226,1907.449726,Yes
Ishita Patel,Kolkata,661473.21,352,461530.64,37,50,FALSE,3588.395117,1921.99946,No
Vihaan Menon,Shimla,208049.33,636,257264.78,34,60,TRUE,506.107756,557.6053387,No
Sanjay Pillai,Kolkata,507753.64,321,125716.92,8,55,FALSE,1545.098202,2406.521726,No
Aditi Reddy,Gwalior,269807.48,465,201810.57,13,55,FALSE,3112.759552,2153.611055,No
Vikram Yadav,Gurugram,1046389.05,370,427778.47,9,55,FALSE,3435.536028,2857.571306,No
Aditya Das,Tiruchirappalli,719289.61,576,470800.78,7,55,FALSE,3061.799486,1081.497265,No
Ishita Ghosh,Patna,413358.5,584,67838.62,22,75,TRUE,1359.873388,2161.792934,Yes
Arjun Nair,Hyderabad,682322.71,318,239890.56,5,45,FALSE,580.2862213,2171.531917,No
Karthik Kumar,Indore,615778.33,659,360405.45,21,75,TRUE,797.7856909,354.8363668,No
Vihaan Nair,Udaipur,1167589.93,795,272714.59,4,50,FALSE,1597.309524,1837.837852,No
Sanjay Yadav,Jodhpur,160502.59,696,456295.33,23,80,TRUE,4326.740782,1656.67896,No
Ananya Nair,Gurugram,540718.13,646,470305.64,0,25,FALSE,2478.977998,3072.860222,No
Vihaan Ghosh,Mysuru,172894.47,439,414956.96,31,55,FALSE,4226.24008,2681.573794,No
Ananya Joshi,Kolkata,957483.63,551,169505.27,34,55,FALSE,1357.457658,241.8806072,No
Ishita Chatterjee,Tiruchirappalli,191809.13,564,357715.59,9,50,FALSE,5234.883445,403.8166156,No
Priya Nair,Surat,881136.94,607,171147.82,1,25,FALSE,4652.264837,2286.741988,No
Meera Ghosh,Ranchi,1198451.21,402,435579.78,7,35,FALSE,5505.588733,472.3717361,No
Vihaan Joshi,Vijayawada,499074.09,380,417694.21,3,45,FALSE,717.0112301,958.304692,No
Meera Kumar,Thiruvananthapuram,451832.36,604,450614.2,19,55,FALSE,1608.742425,1845.98897,No
Naveen Kumar,Bhopal,990547.35,395,87749.16,21,25,FALSE,993.0732509,2844.913521,No
Priya Verma,Surat,1100077.97,715,68228.11,6,70,TRUE,3904.18326,2108.583817,Yes
Rajesh Patel,Kochi,717824.01,489,24077.35,36,40,FALSE,3238.821983,2996.723057,No
Rohan Pandey,Bengaluru,1101394.22,473,498359.07,32,50,FALSE,4492.910349,1279.423627,No
Arjun Bose,Kochi,861418.37,804,327824.15,15,65,TRUE,1940.658405,2182.275334,Yes
Aditya Joshi,Chennai,487666.46,652,383002.04,25,50,FALSE,687.8005865,641.4863216,No
Aditya Yadav,Bengaluru,1103236.64,730,257680.65,38,80,TRUE,1899.706764,698.8985442,No
Priya Chatterjee,Madurai,535121.69,422,289612.02,15,35,FALSE,5219.651262,2761.352409,No
Sai Rao,Madurai,813942.02,436,138455.76,17,45,FALSE,4804.964487,1826.517084,No
Priya Chatterjee,Srinagar,750285.04,409,145716.06,13,55,FALSE,3418.045967,1451.303371,No
Sanjay Verma,Salem,1046516.38,687,221381.01,33,65,TRUE,2494.827198,1692.908248,Yes
Karthik Kumar,Agra,933411.58,492,58441.37,15,35,FALSE,4175.801965,1647.861055,No
Aarav Pillai,Agra,1180012.72,361,98328.73,33,35,FALSE,5528.680785,310.8873927,No
Pooja Joshi,Salem,1082190.03,736,181287.88,30,65,TRUE,3726.140287,582.1145041,No
Ishita Nair,Meerut,949807.96,760,493344.18,17,90,TRUE,1657.82657,720.9915364,Yes
Priya Pillai,Udaipur,206609.37,317,384145.73,31,55,FALSE,4033.398164,998.1285705,No
Ananya Chatterjee,Raipur,1033209.93,679,32236.87,16,80,TRUE,3754.705949,1524.923191,Yes
Rakesh Pillai,Vadodara,275613.56,364,439353.04,6,35,FALSE,3245.475597,328.8627661,No
Aditya Thakur,Shimla,859249.45,841,70271.9,9,90,TRUE,873.3944919,1189.972728,No
Priya Sharma,Nashik,640160.43,792,28805.99,11,85,TRUE,461.9601217,2392.661432,Yes
Meera Thakur,Dehradun,178216.05,504,267234.67,25,50,FALSE,2087.669563,2651.122841,No
Vikram Chatterjee,Udaipur,223365.14,500,375980.58,20,40,FALSE,5029.58711,686.4027305,No
Sanjay Mishra,Raipur,975225.1,533,152083.22,35,55,FALSE,2426.21532,1372.777494,No
Priya Yadav,Agra,564864.02,344,409564.62,29,40,FALSE,2643.948873,3145.359594,Yes
Naveen Mishra,Kochi,1091034.38,519,212694.96,23,45,FALSE,2073.632386,1462.517284,No
Rohan Tiwari,Ahmedabad,917442.08,760,247878.64,5,90,TRUE,1989.545209,2060.248104,No
Meera Singh,Vijayawada,269286.04,546,317245.73,30,60,TRUE,3114.953144,2212.565223,Yes
Aditya Joshi,Varanasi,535584.29,721,325758.32,6,70,TRUE,1630.122872,897.4477537,No
Tanvi Pillai,Noida,979835.85,665,429623.72,35,70,TRUE,1625.473194,761.1806806,Yes
Ishita Thakur,Gwalior,246984.5,460,239584.34,2,35,FALSE,4889.676486,818.000657,No
Rajesh Chatterjee,Hyderabad,1008061.36,760,296602.3,39,90,TRUE,3262.506254,1322.760369,No
Rajesh Chatterjee,Vadodara,305225.82,606,265242.08,27,65,TRUE,467.4965614,1822.801037,Yes
Pooja Das,Kolkata,526820.87,683,190318.08,34,75,TRUE,2543.748595,750.5820187,Yes
Rakesh Nair,Indore,194687.63,457,113290.86,6,50,FALSE,2385.217134,2876.880463,No
Aditi Pillai,Bhopal,923280.02,845,284346.76,36,65,TRUE,2846.923791,211.8749685,No
Rohan Das,Aligarh,605488.01,519,213635.71,1,25,FALSE,1735.839661,2462.98844,No
Rakesh Rao,Patna,678318.95,418,365759.43,8,20,FALSE,3916.011214,538.0400995,No
Riya Joshi,Bhubaneshwar,547233.56,438,446002.4,33,40,FALSE,2011.030522,1849.689764,No
Arjun Menon,Srinagar,273667.92,375,357671.68,34,55,FALSE,5055.019783,563.0314768,No
Sai Menon,Thiruvananthapuram,949432.19,439,181499.88,2,35,FALSE,4729.801173,1456.654086,No
Karthik Joshi,Shimla,730818.17,830,51773.34,39,100,TRUE,3348.764882,1153.242155,Yes
Divya Gupta,Agra,471008.18,468,152436.8,17,50,FALSE,734.5184428,1156.724899,No
Naveen Yadav,Raipur,934922.69,331,243887.61,20,60,TRUE,3269.713485,259.7334217,No
Divya Sharma,Vadodara,1033418.78,400,255320.69,34,50,FALSE,2171.717403,2353.057713,No
Tanvi Thakur,Bhubaneshwar,395687.76,620,129460.4,7,55,FALSE,2354.047923,2486.150036,Yes
Vikram Nair,Gurugram,1026991.45,451,351891.53,36,50,FALSE,1089.540855,858.562274,No
Divya Patel,Varanasi,871571.73,813,188802.1,2,80,TRUE,3211.310449,2372.221065,No
Praveen Nair,Surat,231400.74,302,34482.14,16,45,FALSE,1859.732621,411.1470453,No
Karthik Iyer,Lucknow,881609.78,842,417016.88,25,90,TRUE,1067.325086,1206.880894,Yes
Tanvi Bose,Noida,1075773.4,678,168388.48,3,40,FALSE,1272.520052,3237.827058,No
Vihaan Sharma,Ahmedabad,580436.06,340,132457.39,30,50,FALSE,4269.798461,1139.588617,Yes
Meera Patel,Vijayawada,934071.9,838,181889.37,8,85,TRUE,2887.435785,491.0948537,No
Riya Pillai,Ahmedabad,520128.15,427,253708.3,33,25,FALSE,3202.951789,2216.836487,No
Vikram Bose,Ranchi,748604.41,810,106646.41,33,80,TRUE,1395.296677,1968.387484,Yes
Aarav Rao,Guwahati,918009.67,367,313379.19,25,55,FALSE,2248.155954,1020.632349,No
Priya Gupta,Jodhpur,1167440.66,321,451140.19,26,30,FALSE,1310.943725,2239.940406,No
Rakesh Kumar,Mumbai,156107.25,557,245225.75,29,55,FALSE,1602.60121,1676.865158,No
Vihaan Joshi,Noida,645412.93,597,430915.09,11,70,TRUE,2881.922175,1454.449819,Yes
Rohan Nair,Varanasi,646332.51,600,285023.85,1,55,FALSE,1783.628752,650.0462725,No
Vikram Kumar,Hubballi,688080.27,843,349789.62,1,75,TRUE,850.1981379,770.9753358,Yes
Pooja Pillai,Bhopal,714076.19,639,398937.75,8,55,FALSE,1394.743995,2812.758728,No
Ananya Bose,Bengaluru,315039.11,598,194809.97,13,55,FALSE,2034.647294,304.9796812,No
Pooja Das,Rajkot,837399.85,563,462025.41,20,50,FALSE,5173.368051,1685.963656,No
Sai Reddy,Kolkata,1073608.53,396,147711.29,38,40,FALSE,4448.058976,1160.605258,No
Priya Nair,Madurai,514559.56,546,150059.71,5,45,FALSE,4959.690041,264.6930356,No
Praveen Chatterjee,Kochi,836601.66,340,460231.01,2,45,FALSE,2310.127164,2845.548143,Yes
Krishna Joshi,Chennai,1091306.61,698,410323.08,29,80,TRUE,3996.640036,1133.977916,Yes
Ishita Verma,Jaipur,420043.77,327,345601.43,37,40,FALSE,4089.295328,2776.538061,No
Meera Gupta,Thiruvananthapuram,521831.47,313,150296.58,24,55,FALSE,3024.697998,2625.216367,Yes
Arjun Joshi,Mysuru,924339.07,725,263558.36,39,75,TRUE,3627.212728,1485.753099,Yes
Priya Das,Madurai,1030199.74,378,284718.65,38,50,FALSE,1933.191645,2463.805994,Yes
Divya Chatterjee,Nagpur,489502.25,531,440937.81,25,25,FALSE,1757.346372,607.3646463,Yes
Vihaan Nambiar,Udaipur,252108.49,499,445524.13,10,55,FALSE,3257.482552,375.2980081,Yes
Sneha Chatterjee,Ranchi,453239.61,337,148332.23,18,50,FALSE,1874.921649,1423.75896,No
Aditi Iyer,Srinagar,1188121.3,645,139684.53,31,70,TRUE,4273.104115,1537.899962,No
Sanjay Reddy,Jamshedpur,1056973.27,431,345778.35,1,25,FALSE,5247.712145,1777.281047,No
Rakesh Reddy,Salem,313110.8,699,249258.78,38,80,TRUE,540.635219,1150.68093,Yes
Sai Reddy,Raipur,642130.86,628,232290.16,13,60,TRUE,2054.971828,1053.182595,Yes
Karthik Nair,Coimbatore,583951.14,821,329370.49,11,75,TRUE,2711.152961,1686.499477,Yes
Sneha Thakur,Surat,435134.91,446,192992,13,50,FALSE,4066.743731,3421.470952,No
Sanjay Joshi,Aurangabad,367868.6,305,302246.71,28,25,FALSE,1371.619474,2448.609386,No
Riya Joshi,Aligarh,827306.41,539,140049.33,23,50,FALSE,2492.066309,1688.840896,No
Sneha Reddy,Ahmedabad,157985.74,348,143171.14,23,55,FALSE,4565.79898,293.0839239,No
Ishita Reddy,Visakhapatnam,377669.07,763,341769.65,37,85,TRUE,2782.525664,2213.893577,No
Rakesh Pandey,Nashik,610949.52,684,408441.72,18,75,TRUE,2643.474364,1024.291856,No
Priya Tiwari,Hubballi,195390.81,602,90550.99,34,75,TRUE,3872.250779,915.4584588,Yes
Sai Joshi,Aligarh,207535.04,405,77130.39,1,25,FALSE,5420.287747,2785.511866,No
Pooja Menon,Kozhikode,491451.3,410,350648.69,14,55,FALSE,3563.313851,2591.109489,No
Sanjay Joshi,Lucknow,673737.15,717,143400.41,1,50,FALSE,2558.227232,292.7272115,No
Aditya Kumar,Thiruvananthapuram,306446.18,752,407778.47,13,65,TRUE,1908.117113,1016.12053,Yes
Ananya Thakur,Vadodara,347462.4,670,76619.18,15,50,FALSE,643.6433004,1761.948471,Yes
Aditya Tiwari,Noida,1121575.86,303,299379.47,26,25,FALSE,3782.081265,1585.786484,No
Ishita Sharma,Vijayawada,322707.42,450,175724.05,37,25,FALSE,3177.23001,587.2765957,No
Rakesh Yadav,Mysuru,917958.66,691,20601.87,24,60,TRUE,3996.581289,1516.594534,Yes
Vihaan Patel,Nashik,1085651.6,736,272532.13,9,75,TRUE,750.8704033,508.8847792,No
Priya Patel,Surat,234229.32,557,183086.39,17,30,FALSE,3534.918742,2037.21627,No
Aditi Yadav,Aligarh,494700.38,341,149553.67,10,40,FALSE,3677.697134,1691.962894,No
Ishita Mishra,Salem,1038768.75,364,50644.11,7,45,FALSE,3366.423525,1966.348692,No
Rajesh Menon,Kolkata,519712.69,326,352870.42,4,50,FALSE,1963.398902,2094.152447,No
Naveen Reddy,Mysuru,171459.17,629,443429.43,29,75,TRUE,3970.926382,1422.710809,Yes
Divya Pandey,Indore,440643.46,753,54560.13,26,60,TRUE,2685.889009,1614.449153,Yes
Vikram Yadav,Srinagar,165498.05,751,319649.48,38,80,TRUE,1699.537684,2457.056538,Yes
Karthik Rao,Mangalore,638709.04,721,462903.29,8,60,TRUE,4362.602888,403.8457527,Yes
Riya Jain,Kolkata,845680.44,693,467271.86,10,80,TRUE,1002.368419,1296.553749,Yes
Krishna Ghosh,Pune,523155.69,846,152773.1,4,85,TRUE,3812.471628,2421.10957,Yes
Pooja Chatterjee,Gurugram,262836.63,666,465964.53,10,65,TRUE,3576.985759,2618.568912,No
Ananya Patel,Jodhpur,648188.87,775,355831.96,13,95,TRUE,2014.498032,2452.330796,Yes
Vikram Ghosh,Visakhapatnam,519679.76,688,208987.45,14,85,TRUE,2616.124422,2266.099213,Yes
Arjun Iyer,Rajkot,728524.83,653,478271.93,7,55,FALSE,4123.228838,2400.075891,No
Ishita Pandey,Salem,209363.89,350,472157.27,10,45,FALSE,1607.016316,1142.910122,No
Naveen Nair,Shimla,612641.24,396,228873.62,17,55,FALSE,5629.427512,1293.779814,No
Ishita Rao,Jamshedpur,763963.16,825,269346.71,11,100,TRUE,658.0635598,1808.070472,Yes
Divya Joshi,Raipur,212967.11,849,377508.55,6,75,TRUE,2710.081154,708.4863066,Yes
Vihaan Kumar,Kanpur,849084.74,648,122697.69,31,65,TRUE,2722.376794,1821.969253,Yes
Riya Nair,Vijayawada,735350.35,548,291795.05,32,50,FALSE,1286.109171,985.2380441,No
Aditi Bose,Patna,702573.56,323,490178.63,37,50,FALSE,2977.058357,766.1387635,No
Arjun Tiwari,Bhubaneshwar,383529.41,712,395680.07,15,50,FALSE,3797.561078,774.9068308,Yes
Rakesh Mishra,Ahmedabad,428686.28,447,442859.35,10,60,TRUE,3224.161801,2746.37172,Yes
Arjun Bose,Chennai,580018.26,674,21720.44,21,80,TRUE,2299.06352,2374.401813,Yes
Arjun Jain,Bhubaneshwar,1088993.54,374,472588.64,11,50,FALSE,4522.998894,639.4205558,No
Aarav Rao,Chennai,236090.84,847,417040.45,17,80,TRUE,2793.629719,462.190701,Yes
Karthik Bose,Srinagar,714483.87,638,127060.09,38,65,TRUE,1947.990865,1458.147641,Yes
Ananya Nair,Bengaluru,509240.92,819,186288.59,8,60,TRUE,642.644513,1643.855293,Yes
Ananya Pillai,Noida,1055171.11,762,258686.12,34,85,TRUE,4319.495901,2466.483059,Yes
Pooja Ghosh,Hyderabad,743510.23,665,479782.7,15,65,TRUE,1876.874827,785.2558271,Yes
Arjun Nambiar,Salem,547458.9,491,255809.09,39,50,FALSE,4727.425291,2258.13279,No
Riya Jain,Mumbai,779574.42,806,216550.08,34,80,TRUE,789.2782123,696.5868914,Yes
Ishita Yadav,Thiruvananthapuram,578494.91,432,331707.73,33,50,FALSE,3133.65505,707.2484917,No
Rohan Jain,Surat,360748.87,708,100083.16,11,60,TRUE,671.4007774,531.7239654,Yes
Divya Mishra,Gwalior,938913.01,699,326735.61,39,80,TRUE,593.3002424,2130.252664,Yes
Meera Thakur,Bhopal,1022589.77,480,254721.27,21,40,FALSE,4788.125976,1561.413969,No
Rakesh Iyer,Bhubaneshwar,803455.64,500,387316.05,22,35,FALSE,2380.571309,1031.274094,No
Aditi Tiwari,Jodhpur,389222.93,845,263982.83,36,85,TRUE,1323.385254,1985.426029,No
Priya Thakur,Varanasi,284403.47,405,212582.84,25,45,FALSE,3609.391887,927.979214,No
Sneha Tiwari,Aurangabad,668554.37,794,323299.87,21,90,TRUE,2742.894263,2308.080131,No
Aarav Singh,Kozhikode,948807.14,651,458823.87,38,70,TRUE,1871.605903,1712.671437,Yes
Vihaan Sharma,Coimbatore,787646.9,674,29824.38,31,85,TRUE,3100.850719,1630.921642,No
Divya Menon,Noida,1107520.8,799,203391.58,18,75,TRUE,2743.743963,1470.747529,Yes
Arjun Pandey,Ahmedabad,567524.89,376,58161.65,30,35,FALSE,4668.444209,2621.848429,Yes
Vihaan Mishra,Jodhpur,1197130.59,338,160130.35,23,55,FALSE,2284.608569,294.8804603,Yes
Ananya Pillai,Dehradun,440070.66,519,320057.17,30,35,FALSE,3131.674121,3102.250388,No
Sanjay Chatterjee,Chandigarh,188009.45,411,494354.57,5,35,FALSE,939.4730832,1487.684623,No
Rohan Kumar,Jaipur,977761,361,310276.97,8,20,FALSE,3598.674487,1560.111188,No
Aditi Gupta,Shimla,423029.95,656,343723.25,10,70,TRUE,2595.475435,392.2320441,Yes
Naveen Mishra,Chandigarh,1038911.58,818,417032.36,28,95,TRUE,1938.790745,300.3667934,No
Aditi Kumar,Delhi,180393.89,822,370563.17,17,85,TRUE,2077.688306,942.421528,Yes
Karthik Gupta,Raipur,442429.14,594,244863.89,32,45,FALSE,4217.468584,1166.076862,No
Ishita Menon,Bhopal,1092553.64,326,182077.16,0,45,FALSE,5297.155617,2579.805487,No
Aarav Joshi,Delhi,397714.33,537,152336.67,15,50,FALSE,847.1374711,1137.464427,Yes
Rohan Joshi,Delhi,739445.02,370,264771.51,0,40,FALSE,2082.197067,1296.258187,No
Rajesh Reddy,Nashik,1042859.34,402,335800.51,19,55,FALSE,1034.13171,2245.956893,Yes
Praveen Chatterjee,Hyderabad,401671.82,447,452299.96,14,50,FALSE,2845.455568,347.9210558,No
Rakesh Kumar,Bhubaneshwar,284337.27,306,92804.18,23,30,FALSE,5243.481135,2065.958891,No
Divya Sharma,Vadodara,473433.82,838,73764.68,11,65,TRUE,659.4884092,1383.645288,Yes
Divya Pandey,Surat,1120501.93,429,125803.47,38,55,FALSE,5077.824351,1341.988502,No
Priya Rao,Srinagar,734826.91,686,464319.34,0,45,FALSE,1217.552332,1182.503989,No
Ishita Pillai,Kozhikode,880721.48,774,238440.32,1,60,TRUE,4357.415895,761.8418383,Yes
Krishna Chatterjee,Bhopal,796558.62,658,118396.27,29,40,FALSE,3684.98177,2550.847976,No
Pooja Menon,Bhopal,668642.57,458,229878.31,2,40,FALSE,1216.37092,3256.057029,No
Ishita Pandey,Hyderabad,866637.19,546,63034.99,6,40,FALSE,2674.758158,2570.35124,No
Rakesh Das,Visakhapatnam,1153882.12,479,80084.85,29,50,FALSE,4013.432303,479.8811028,Yes
Karthik Menon,Raipur,300542.06,490,378777.81,20,40,FALSE,4299.003691,2942.844862,No
Meera Pandey,Mysuru,353810.15,475,175981.21,27,60,TRUE,4244.214769,2547.152943,No
Divya Pandey,Vadodara,1114344.07,447,187084.24,10,55,FALSE,667.9809535,2914.269544,No
Pooja Joshi,Tiruchirappalli,1136484.03,615,386993.93,26,70,TRUE,3274.137684,1573.995088,Yes
Tanvi Thakur,Noida,278612.84,596,34651.21,1,40,FALSE,4965.196626,1056.289603,Yes
Naveen Reddy,Indore,593076.65,484,498587.61,38,50,FALSE,629.650315,1232.398766,No
Ananya Singh,Surat,184954.96,371,300497.44,3,35,FALSE,5550.499199,294.5178875,No
Rajesh Mishra,Ranchi,988584.88,802,78209.35,20,90,TRUE,4346.356965,1161.139158,No
Sai Das,Hubballi,431572.83,400,203132.17,23,60,TRUE,3084.026113,343.5275071,Yes
Rakesh Chatterjee,Bengaluru,204267.42,345,160408.72,35,40,FALSE,5174.174525,2575.467641,No
Karthik Verma,Shimla,667213.75,681,217548.61,32,60,TRUE,2229.567604,2341.990245,Yes
Meera Bose,Indore,313854.2,506,161507.99,17,60,TRUE,1136.009696,2184.989657,Yes
Vihaan Sharma,Vijayawada,235432.72,628,123307.86,29,50,FALSE,5058.301372,1067.60707,No
Vihaan Menon,Gwalior,1016163.61,395,286394.66,9,55,FALSE,676.9859718,2110.830036,No
Aarav Nair,Patna,680652.04,610,442885.44,30,75,TRUE,1550.466436,413.7024748,No
Karthik Rao,Chennai,369064.18,725,348986.71,5,70,TRUE,680.6067858,240.8581478,No
Ishita Mishra,Rajkot,1136727.16,455,205130.41,13,30,FALSE,3864.905309,2395.957824,No
Riya Pandey,Mangalore,931277.83,354,35984.75,38,45,FALSE,3373.270246,2476.550656,No
Aditya Joshi,Bhubaneshwar,1011737.88,485,301047.58,7,55,FALSE,2746.925488,2551.275194,No
Vihaan Menon,Pune,382674.89,748,373067.47,12,65,TRUE,1376.770049,1688.745745,No
Karthik Nambiar,Kochi,922484.83,689,110701.98,13,50,FALSE,3347.975636,1759.39107,Yes
Divya Iyer,Kochi,555231.25,453,495472.3,11,55,FALSE,3970.039164,2161.822504,Yes
Sanjay Joshi,Vijayawada,230517.08,645,277278.39,36,65,TRUE,1303.752194,2459.639062,Yes
Sai Jain,Varanasi,677147.97,498,312683.32,23,50,FALSE,1186.691785,808.8577691,No
Ishita Patel,Varanasi,1161366.2,653,458000.75,37,60,TRUE,4242.505031,1510.155399,Yes
Rakesh Joshi,Thiruvananthapuram,1103142.41,667,411577.42,20,40,FALSE,4490.674186,933.1460895,No
Krishna Menon,Varanasi,530963,565,360165.88,9,55,FALSE,4955.615408,2380.426271,No
Vihaan Yadav,Pune,255998.81,790,355741.2,35,90,TRUE,3793.401335,1275.445374,No
Karthik Tiwari,Bengaluru,909655.05,322,42464.28,14,25,FALSE,1095.564659,553.1442213,No
Tanvi Joshi,Thiruvananthapuram,961549.81,307,333379.36,18,30,FALSE,1460.629665,2482.027546,No
Krishna Sharma,Vadodara,394216.16,808,119665.07,40,65,TRUE,3891.470694,1278.751071,Yes
Riya Chatterjee,Gwalior,496244.5,680,284158.97,27,70,TRUE,3061.273072,290.9218086,No
Ananya Jain,Thiruvananthapuram,208991.01,772,123827.63,0,75,TRUE,2671.456152,1063.345404,Yes
Sanjay Mishra,Kolkata,556034.63,535,146304.15,28,60,TRUE,4611.343346,2223.261968,Yes
Praveen Pandey,Patna,692172.74,313,55847.86,6,30,FALSE,3564.047056,3062.019436,No
Ishita Mishra,Patna,876988.77,410,126163.63,3,45,FALSE,2737.292596,982.3999237,Yes
Arjun Chatterjee,Mumbai,283798.89,773,303371.85,14,70,TRUE,3986.930484,2534.903754,Yes
Pooja Reddy,Gwalior,1132118.63,582,307144.79,19,40,FALSE,5237.052886,3299.805643,No
Rajesh Mishra,Kolkata,881482.14,745,471903.04,22,80,TRUE,3153.480982,2287.235714,No
Ananya Sharma,Indore,1171632.96,808,205457.17,13,90,TRUE,2762.7021,271.3395446,Yes
Divya Das,Visakhapatnam,1139287.25,750,149495.45,27,60,TRUE,2116.793427,2522.300756,Yes
Tanvi Reddy,Kolkata,501097.61,546,267634.81,30,35,FALSE,4650.327885,2630.921204,No
Krishna Joshi,Visakhapatnam,412180.14,638,495623.99,37,65,TRUE,1115.30921,2318.014956,Yes
Aditi Bose,Kochi,931863.85,427,418937.8,2,40,FALSE,2745.954364,2948.353127,No
Meera Verma,Aurangabad,825056.26,303,443840.53,15,50,FALSE,1007.435829,3244.377521,No
Vihaan Chatterjee,Amritsar,708981.57,813,202701.68,37,80,TRUE,2261.612223,2405.509593,No
Divya Thakur,Shimla,625475.26,804,469182.16,14,90,TRUE,3806.437882,1286.753012,No
Sneha Yadav,Amritsar,1178117.79,599,170505.4,26,50,FALSE,5056.590983,2096.145162,No
Riya Gupta,Surat,652953.31,796,455438.68,36,80,TRUE,1498.325423,2627.989925,Yes
Divya Menon,Aligarh,614036.09,827,95444.93,37,80,TRUE,4161.150871,2699.85564,Yes
Rajesh Gupta,Jodhpur,452992.43,570,438601.12,27,60,TRUE,3607.476573,598.8378218,No
Sanjay Chatterjee,Ranchi,705687.16,356,279497.92,1,35,FALSE,1552.140886,2011.284979,No
Naveen Yadav,Salem,467751.19,825,21700.79,32,80,TRUE,787.347223,1991.193998,Yes
Sneha Sharma,Jamshedpur,602490.13,755,380971.48,34,95,TRUE,1008.865818,1135.88157,No
Arjun Yadav,Aligarh,726036.7,708,37355.71,19,50,FALSE,2288.091954,1790.456673,No
Sai Sharma,Surat,1120143.38,750,308561.87,23,80,TRUE,2432.39882,722.3295906,No
Sai Pillai,Amritsar,1180488.25,785,449642.19,30,85,TRUE,1622.995648,577.6362991,Yes
Vihaan Pandey,Chennai,170073.72,606,31886.24,25,50,FALSE,2027.199867,773.675178,No
Aarav Nambiar,Salem,921725.64,576,456747.69,38,55,FALSE,1468.518753,937.3616261,No
Tanvi Pillai,Raipur,399313.46,788,40399.49,40,60,TRUE,3433.871853,2522.149533,Yes
Pooja Yadav,Nashik,319894.26,733,443149.11,22,85,TRUE,1136.833649,1567.959919,Yes
Rajesh Jain,Nashik,1062748.24,529,451146.77,24,55,FALSE,1038.045103,936.3610333,Yes
Krishna Nair,Meerut,1159952.56,731,120671.41,40,75,TRUE,4408.731679,903.5671868,Yes
Krishna Bose,Salem,684480.79,739,277497.1,17,85,TRUE,3399.608903,445.6327542,No
Praveen Iyer,Noida,970833.58,695,333770.03,10,85,TRUE,1840.10722,850.9668696,Yes
Praveen Reddy,Mumbai,556902.91,428,220017.41,32,55,FALSE,1337.248224,945.1764974,No
Karthik Bose,Kochi,1119015.83,813,182470.01,39,85,TRUE,2297.405403,2347.609635,No
Sai Rao,Hubballi,631376.57,755,362627.03,36,75,TRUE,2467.317408,2464.832217,Yes
Tanvi Pillai,Guwahati,470517.02,554,307859.14,38,55,FALSE,4000.228732,773.5487572,No
Meera Verma,Ahmedabad,981482.6,538,384293.86,30,25,FALSE,2207.424486,929.3690369,No
Pooja Rao,Varanasi,709827.03,628,55837.66,32,40,FALSE,2566.105992,2121.012804,No
Aditya Sharma,Rajkot,227227.73,609,106859.02,9,55,FALSE,3495.654101,2397.383214,No
Aditi Nair,Gurugram,1058714.93,580,63869.96,36,75,TRUE,3665.384322,272.6841852,No
Divya Das,Indore,790032.16,828,77272.1,16,90,TRUE,4579.740886,801.2682912,Yes
Sneha Iyer,Madurai,640792.53,710,409208.97,35,70,TRUE,2588.91107,1666.061145,Yes
Rohan Mishra,Kochi,549666.74,531,349940.1,39,55,FALSE,3637.876419,1604.635731,No
Meera Yadav,Visakhapatnam,189552.63,705,181606.57,39,50,FALSE,1535.541699,2705.416281,No
Priya Iyer,Salem,741563.37,635,134236.47,37,65,TRUE,3081.320004,2289.580227,Yes
Karthik Sharma,Delhi,959787.97,359,327114.08,30,50,FALSE,2762.715958,385.8029139,No
Rakesh Iyer,Nagpur,545395.88,380,333581.04,3,45,FALSE,803.5191278,2639.605466,No
Rakesh Ghosh,Surat,982352.46,554,250621.21,8,40,FALSE,3143.385876,685.0532162,Yes
Rohan Tiwari,Surat,840668.79,325,155035.26,36,25,FALSE,5336.742683,2037.918935,No
Sneha Tiwari,Madurai,869062.1,685,252089.63,17,80,TRUE,1053.194154,2379.699208,Yes
Vihaan Mishra,Delhi,330918.16,351,469143.49,27,25,FALSE,708.7423974,1984.281334,No
Aarav Joshi,Delhi,1011495.33,801,356092.02,21,75,TRUE,900.1117965,286.2008761,Yes
Krishna Jain,Varanasi,404510.04,496,28486.8,38,50,FALSE,4004.197492,234.5225792,No
Tanvi Verma,Bhubaneshwar,1131965.12,690,30137.09,40,60,TRUE,2621.052313,2224.634337,Yes
Vihaan Sharma,Noida,905274.78,655,331661.35,3,30,FALSE,3060.297559,2826.636778,No
Rohan Gupta,Nashik,205125.24,601,342452.55,28,45,FALSE,5018.046352,2403.851894,No
Divya Sharma,Gwalior,804806.69,623,101379.22,4,40,FALSE,3222.125868,2577.480019,No
Praveen Thakur,Kozhikode,1069747.29,557,317445.9,33,50,FALSE,1134.09452,1371.679494,No
Naveen Singh,Gwalior,1185845.04,705,58600.72,31,75,TRUE,3926.838248,578.3435165,Yes
Pooja Ghosh,Hubballi,1084218.37,579,142613.72,8,45,FALSE,1256.817741,2277.341013,No
Aditya Nair,Varanasi,1066382.66,468,269373.25,13,60,TRUE,3944.952411,1041.943231,Yes
Tanvi Verma,Ahmedabad,310161.74,654,452432.84,37,65,TRUE,1673.60941,1357.105533,No
Krishna Mishra,Gwalior,415967.55,677,167422.95,32,65,TRUE,3446.478265,1557.113645,Yes
Ishita Tiwari,Dehradun,698953.17,559,383294.87,17,45,FALSE,3400.402172,377.6224995,No
Krishna Joshi,Delhi,1028847.3,778,350868.01,9,85,TRUE,2706.994068,1966.614339,Yes
Meera Reddy,Srinagar,340231.99,758,240903.48,34,85,TRUE,2914.369973,255.790917,Yes
Sanjay Kumar,Surat,471788.66,511,492508.76,18,45,FALSE,5151.013024,496.0123442,No
Ishita Tiwari,Nagpur,1072987.07,688,154211.29,10,65,TRUE,462.342396,381.9801103,Yes
Vikram Sharma,Chandigarh,1112948.97,696,22577.78,2,65,TRUE,3248.36918,2519.744018,Yes
Vikram Pandey,Tiruchirappalli,800234.72,632,86776.88,34,60,TRUE,806.2482241,1520.663695,No
Priya Patel,Lucknow,340020.2,612,369383.97,2,60,TRUE,792.8075383,399.2297993,Yes
Priya Reddy,Pune,1062018.54,751,454450.48,32,60,TRUE,951.2606782,965.2839696,Yes
Sanjay Menon,Delhi,464227,560,399076.97,23,55,FALSE,4636.108312,559.0365215,No
Priya Mishra,Ahmedabad,422410.09,670,191099.11,4,65,TRUE,1378.471644,2466.896758,No
Sneha Sharma,Chandigarh,1193068.2,546,456851.14,38,25,FALSE,820.7770281,1120.692255,Yes
Rohan Sharma,Udaipur,723515.26,735,248639.08,33,75,TRUE,3783.845065,1983.122748,No
Tanvi Mishra,Nagpur,490598.49,792,415605.61,8,80,TRUE,4289.025617,237.8581273,No
Priya Thakur,Chennai,927262.79,337,129338.45,38,60,TRUE,2464.228554,1289.033431,Yes
Pooja Pillai,Chandigarh,1113089.57,508,37781.9,14,50,FALSE,1367.447052,1740.995781,No
Tanvi Tiwari,Bhopal,1069716.56,811,223677.46,25,100,TRUE,1075.991024,444.268056,Yes
Priya Thakur,Visakhapatnam,1199168.83,827,126107.71,36,100,TRUE,3011.392106,1142.327576,No
Sneha Nair,Hyderabad,731069.36,535,231839.53,0,40,FALSE,1345.318665,1664.211665,Yes
Divya Rao,Varanasi,1126470.72,330,356896.95,40,55,FALSE,4963.91764,1075.382183,Yes
Priya Chatterjee,Bengaluru,980618.66,311,431601.63,5,30,FALSE,2898.890662,1439.247524,No
Sai Ghosh,Shimla,986880.38,596,299219.66,15,60,TRUE,515.0194311,936.2978645,Yes
Ananya Iyer,Indore,832092.1,441,88618.36,20,50,FALSE,4862.50029,436.0592079,No
Praveen Das,Bengaluru,191163.5,768,445676.98,11,90,TRUE,1257.885095,1693.784809,Yes
Krishna Singh,Kozhikode,397846.45,688,33548.47,4,50,FALSE,2981.294343,793.9984526,No
Rakesh Singh,Aligarh,1120261.4,702,179243.07,19,70,TRUE,1325.024417,2117.798677,No
Rajesh Das,Gurugram,268380.48,757,403026.46,20,70,TRUE,3280.857241,391.5194605,Yes
Ishita Rao,Hubballi,301226.31,342,455680.33,39,50,FALSE,4505.918205,2160.03994,No
Divya Das,Vijayawada,706425.35,601,167805.78,9,50,FALSE,5177.464819,3185.929862,Yes
Karthik Pandey,Surat,439025.46,315,123072.77,14,40,FALSE,4222.041196,2531.935168,No
Sai Das,Bengaluru,251753.93,374,139497.79,1,30,FALSE,4243.189741,2930.006274,No
Rohan Kumar,Hubballi,571207.84,765,224487.13,1,75,TRUE,835.893321,1378.077035,Yes
Divya Tiwari,Jamshedpur,898422.52,765,67545.07,33,60,TRUE,2886.148063,1175.772855,Yes
Krishna Patel,Kanpur,532130.09,305,46189.27,23,35,FALSE,3792.464741,2411.611683,Yes
Riya Yadav,Noida,837457.13,420,302077.95,31,45,FALSE,2329.7852,3064.04653,No
Sai Patel,Kochi,973368.47,489,274849.48,6,45,FALSE,705.5893903,1426.390853,No
Tanvi Nambiar,Tiruchirappalli,355823.39,712,379194.42,27,85,TRUE,4398.533564,2679.344594,Yes
Aditi Menon,Guwahati,155940.83,376,43786.02,3,25,FALSE,4819.141936,2153.749639,No
Aditi Iyer,Rajkot,252381.73,572,178176.82,6,45,FALSE,2810.370872,759.2195375,No
Sai Verma,Shimla,577722.21,626,355056.52,32,50,FALSE,927.362132,1953.509815,No
Arjun Menon,Udaipur,997388.43,318,478552.27,3,35,FALSE,2440.122401,2802.504885,No
Vikram Yadav,Kanpur,797458.55,770,115483.67,13,85,TRUE,4283.233974,2413.443822,Yes
Arjun Jain,Noida,431933.59,635,101449.37,17,40,FALSE,3204.277885,2940.001129,No
Rohan Bose,Indore,290848.72,763,267106.45,5,60,TRUE,986.0438192,1487.196789,Yes
Krishna Bose,Vadodara,567787.62,360,24442.5,35,55,FALSE,4536.749307,3268.331176,No
Meera Reddy,Kanpur,784979.69,482,280393.28,6,20,FALSE,3416.188943,1622.350337,Yes
Priya Pandey,Agra,880451.38,310.0411026,147385.24,17.74494381,45.67878196,FALSE,1888.543519,3414.858468,No
Rajesh Das,Hyderabad,186099.36,393.0914027,225781.63,16.34480969,61.2217487,TRUE,3282.764823,2109.501192,Yes
Pooja Reddy,Gwalior,862664.88,554.7386016,381244.36,20.51604118,50.72419409,FALSE,1698.143929,482.9894018,No
Krishna Pandey,Mysuru,895181.59,465.1662375,449486.62,0,35.54137116,FALSE,1979.277746,2898.815247,No
Riya Jain,Bhopal,150593.46,493.3206547,161945.11,23.32990824,43.90398894,FALSE,3837.114672,2379.679245,No
Rohan Reddy,Gurugram,765693.99,750.3839561,331481.48,21.82373574,49.53933018,FALSE,3859.118923,1585.564066,No
Riya Thakur,Meerut,202697.02,730.7502735,142338.83,5.894998042,70.0862014,TRUE,1591.67513,892.33535,No
Rohan Sharma,Aurangabad,196197.2,493.457183,434886.73,37.60683402,43.48221521,FALSE,4178.063125,1865.944121,No
Sanjay Gupta,Vadodara,170045.51,793.0278681,193542.83,27.42740633,91.04822024,TRUE,1922.419654,2000.532761,No
Sneha Reddy,Kolkata,785494.28,541.3898895,440561.3,20.66533192,49.94131841,FALSE,2388.847498,1293.204679,No
Naveen Joshi,Varanasi,236723.13,303.750273,343205.96,7.96274897,19.98459651,FALSE,1798.053272,1741.062306,No
Priya Tiwari,Mangalore,704631.38,483.6481869,294944.3,17.36100566,58.73736988,TRUE,4123.23593,2389.775894,Yes
Pooja Kumar,Lucknow,867295.31,376.5571269,205144.3,35.49061433,40.27450684,FALSE,2053.705957,2099.956197,No
Sai Pillai,Aurangabad,1023676.45,752.0013837,261965.1,9.227152882,68.06387358,TRUE,1273.472237,2500.055591,No
Tanvi Gupta,Raipur,1089982.3,396.4631269,373236.54,22.190329,55.89218019,FALSE,3116.836896,721.7570784,No
Naveen Pillai,Raipur,605094.4,839.24219,55692.73,9.760735837,103.0415966,TRUE,606.637939,1660.044553,Yes
Aditya Reddy,Gurugram,308024.89,838.754209,294813.71,5.970563306,88.04207011,TRUE,1726.317547,379.7204352,Yes
Ananya Chatterjee,Gurugram,1134910.97,333.2919678,156889.91,13.70497221,48.92208902,FALSE,1183.456721,2576.259309,Yes
Karthik Nambiar,Gwalior,624020.27,818.0443151,197186.38,4.035609938,48.21054834,FALSE,1605.286261,1766.184411,No
Aditi Menon,Ranchi,906994.52,675.0800885,113251.79,22.38087171,54.46476899,FALSE,1299.209025,3058.009824,Yes
Naveen Jain,Raipur,1089840.86,325.4361266,275635.67,4.987851667,45.32852962,FALSE,580.9797083,2171.249659,No
Sneha Kumar,Amritsar,811996.46,525.6845672,86435.08,37.8711926,49.46948164,FALSE,2800.641365,2714.13618,No
Naveen Chatterjee,Noida,587623.06,789.1987227,390985.08,25.52679933,85.7089381,TRUE,1910.470553,850.2849019,Yes
Vihaan Singh,Rajkot,224035.91,566.0927907,287484.84,29.13700749,72.72840193,TRUE,3361.420185,263.9550278,No
Sanjay Verma,Aurangabad,599148.52,376.4340664,432506.23,36.73973034,61.39191587,TRUE,918.0986743,1919.339169,Yes
Tanvi Sharma,Chandigarh,770992.97,461.5316856,68666.93,33.86264907,55.52163583,FALSE,1184.377778,2919.0604,No
Priya Bose,Nashik,839968.91,720.8193131,348653.5,0,71.04431006,TRUE,3379.80756,1797.207898,Yes
Karthik Chatterjee,Nagpur,1162441.5,540.3292028,213918.51,37.51143968,34.49624217,FALSE,4944.021389,1385.318948,No
Sai Chatterjee,Aligarh,917755.48,388.9402642,109352.46,41.26726245,52.85258924,FALSE,5406.912703,1216.201903,No
Sai Pillai,Nashik,1116196.41,766.2540618,220055.3,10.90662003,79.54016483,TRUE,1230.353358,1743.001921,Yes
Ananya Kumar,Kanpur,967415.82,708.0070884,60648.12,27.07867582,79.98372216,TRUE,2743.297322,378.2110338,Yes
Ishita Ghosh,Shimla,1028149.71,736.9006755,306145.62,38.17639415,89.64893694,TRUE,3929.112469,912.8353204,Yes
Sanjay Sharma,Mumbai,524761.35,671.3067368,440624.38,14.05826404,65.24454111,TRUE,1055.999838,410.1391198,Yes
Tanvi Nair,Kanpur,235227.76,553.7010492,130890.44,34.3738243,35.52873717,FALSE,3742.594244,2149.28378,No
Vikram Thakur,Patna,275824.44,391.7834692,55747.83,24.99458862,50.01876045,FALSE,3384.776495,644.5278536,No
Aarav Gupta,Lucknow,936178.34,477.3645487,154975.05,6.050063153,56.97473037,FALSE,1742.085456,2335.917194,No
Aditya Gupta,Meerut,889736.45,310.7752822,310416.03,24.63401932,54.99638437,FALSE,2681.378857,2296.07777,Yes
Aarav Joshi,Lucknow,411857.67,775.4273186,477321.62,0,77.60830769,TRUE,2340.316973,2278.558094,No
Aditi Ghosh,Pune,911561.37,326.2141363,455513.82,28.43269461,39.04633654,FALSE,1711.474991,1947.281352,No
Arjun Nambiar,Tiruchirappalli,269904.06,495.8968925,20390.13,37.41071955,55.3682256,FALSE,2117.697269,1494.961295,No
Aditi Das,Aligarh,792934.05,369.2479287,180075.42,23.35447612,49.25960379,FALSE,4183.857152,3252.266228,No
Karthik Chatterjee,Visakhapatnam,523680.65,848.3301368,487545.31,25.79911445,98.43976883,TRUE,1246.398579,2468.200291,Yes
Aditya Chatterjee,Gurugram,664569.55,442.8662712,71904.79,16.91125585,46.02981956,FALSE,4968.566682,1854.368573,No
Meera Jain,Bhubaneshwar,543399.05,340.8472735,48624.84,6.183651091,45.13277974,FALSE,3908.587831,3204.366166,No
Meera Nair,Mangalore,772524.65,486.6811349,426105.23,35.14341259,54.95138991,FALSE,2406.308838,2455.920391,No
Aarav Tiwari,Gwalior,877758.91,784.5996564,203126.41,38.24590077,79.1374346,TRUE,2482.662679,307.9663658,Yes
Vikram Ghosh,Rajkot,436106.03,359.6742817,221507.6,9.775116113,44.12108411,FALSE,1603.893447,1143.928195,No
Ananya Das,Patna,243480.68,347.8852184,37652.47,35.08870594,50.29864823,FALSE,2492.924256,1719.530759,No
Vikram Rao,Nagpur,1160779.67,694.3336176,491125.31,39.82409484,48.32241173,FALSE,3678.446022,2936.990842,No
Tanvi Ghosh,Agra,548886.97,370.3073514,108226.34,20.28294897,53.14808665,FALSE,4265.862536,1012.718145,No
Vikram Rao,Vadodara,952545.07,718.1341263,249254.6,39.60893854,50.86356051,FALSE,3471.032304,2916.001836,No
Priya Ghosh,Gurugram,768883.85,361.2081419,457863.07,0,39.97300419,FALSE,3892.892394,973.650456,Yes
Meera Rao,Noida,985545.8,551.6934882,222358.32,29.39224542,36.68131395,FALSE,4795.384778,2704.724159,No
Aditi Sharma,Madurai,516127.55,755.1993675,268344.42,27.03604629,75.37434594,TRUE,3936.687402,219.9762014,Yes
Vihaan Das,Aligarh,1175600.45,822.4536404,284056.87,36.74833825,82.30997675,TRUE,4171.50563,656.047649,Yes
Vikram Rao,Amritsar,383913.71,845.5504221,496663.59,23.72317584,78.30636574,TRUE,2916.357979,1623.257678,Yes
Naveen Pillai,Madurai,989389.37,483.3335279,336667.12,5.877151987,49.4374543,FALSE,659.4484905,473.752145,No
Tanvi Iyer,Gwalior,1085588.64,503.4259732,131667.32,38.45339143,55.29694404,FALSE,5566.245731,2962.170568,Yes
Praveen Pillai,Ranchi,297727.6,505.0039059,200009.2,16.74806263,24.55998882,FALSE,4586.582157,2176.295466,Yes
Sanjay Reddy,Vijayawada,909178.56,809.9014694,98484.45,17.11327386,84.96246389,TRUE,2032.792266,962.9897845,Yes
Naveen Das,Meerut,755194.64,495.5657254,384454.43,20.76312094,50.01436222,FALSE,4728.290271,411.7571158,No
Sai Das,Coimbatore,653571.21,719.260185,129207.43,5.962496345,64.13221093,TRUE,2246.178512,389.747012,Yes
Krishna Nair,Patna,417068.32,608.1150498,297835.99,33.34135479,54.17929394,FALSE,670.2569325,1774.250134,Yes
Sai Menon,Nashik,498770,846.8138116,164573.59,31.4133584,64.19032911,TRUE,2312.260246,2665.476251,No
Tanvi Menon,Meerut,450354.21,491.7525747,418815.49,8.186698724,41.26187115,FALSE,1140.747559,1941.282062,No
Ishita Patel,Kozhikode,374721.48,528.0907377,469393.92,34.40537648,35.27166924,FALSE,4320.188843,1402.090512,No
Aditi Chatterjee,Jaipur,591130.78,798.3906969,223186.97,41.24356722,93.73881037,TRUE,3382.441405,1783.51754,Yes
Aditi Menon,Agra,1067202.94,724.4553839,476909.9,24.80254522,76.10853688,TRUE,2920.928982,1839.317894,Yes
Vikram Nambiar,Udaipur,806421.08,789.2935405,477034.14,39.67634777,99.34711286,TRUE,1583.151778,2353.595828,Yes
Praveen Menon,Coimbatore,1015099.29,341.5331658,290647.7,11.85759306,49.14566951,FALSE,3320.983867,2325.726805,Yes
Ananya Pandey,Vadodara,614264.78,426.0659329,54166.69,22.4711959,57.69681888,TRUE,3748.437017,1832.172164,No
Tanvi Sharma,Bengaluru,895273.34,491.5726279,380080.71,0,10.06669437,FALSE,1595.559896,1270.815906,Yes
Naveen Ghosh,Coimbatore,679934.74,390.2334877,283590.16,11.93432524,61.70165136,TRUE,671.2812046,264.4864823,Yes
Divya Joshi,Bengaluru,1011199.11,680.325829,37181.57,10.28779251,61.81986195,TRUE,1978.818343,521.5042959,No
Riya Pandey,Thiruvananthapuram,1079100.94,780.759506,495496.16,1.980612236,69.02675664,TRUE,3549.083716,2175.026752,Yes
Aarav Sharma,Kozhikode,160958.97,419.7177336,27159.92,40.17425507,56.29508361,FALSE,3475.815141,1778.832185,No
Aditya Chatterjee,Kozhikode,359907.59,587.0720599,233601.98,39.71829388,69.21042371,TRUE,4183.833606,1991.920076,Yes
Ishita Iyer,Vijayawada,600716.14,740.1943001,174099.98,10.77859231,79.828561,TRUE,1159.388214,1692.7897,Yes
Rajesh Mishra,Pune,1088395.85,372.5314182,289528.54,6.762993481,30.5228688,FALSE,3791.825957,2515.790943,No
Rajesh Menon,Mumbai,1105835.63,346.2179538,216154.86,39.01976809,53.70757606,FALSE,4539.548725,1018.856809,No
Rajesh Thakur,Rajkot,389613.73,470.3936404,340017.49,20.99305096,50.63966149,FALSE,4496.093746,1438.340748,No
Ishita Bose,Pune,1013962.42,533.5817697,97943.65,28.65664037,35.25041379,FALSE,963.9547747,665.9155818,No
Sanjay Reddy,Tiruchirappalli,735510.29,738.1725106,21418.7,31.78413266,74.87033747,TRUE,3928.422478,1953.542054,No
Rakesh Thakur,Kolkata,1087003.88,347.0268025,24411.35,21.57674168,59.90585115,TRUE,2882.583852,2099.163943,Yes
Meera Menon,Hubballi,255924.91,803.5264829,32460.89,29.3282622,93.83595121,TRUE,4616.59099,2303.361183,Yes
Ishita Nair,Coimbatore,940124.65,424.1995204,147474.5,24.28619093,49.13714133,FALSE,3963.627757,2963.874203,No
Krishna Jain,Coimbatore,622382.31,764.2122864,204586.1,8.990301781,84.01149002,TRUE,2659.348693,1938.02933,Yes
Naveen Gupta,Agra,1055040.06,345.3256331,467593.67,36.77335219,50.03234296,FALSE,809.7965388,1918.306117,No
Sai Kumar,Agra,1116231.53,560.4539696,295193.35,18.46698324,39.67197299,FALSE,5245.459819,3257.646529,No
Rakesh Yadav,Guwahati,574217.06,340.0807982,133057.91,39.60654821,55.32020087,FALSE,1392.908721,1246.171908,No
Rajesh Pillai,Salem,1113874.12,782.7789001,55057.68,31.83558527,89.35840716,TRUE,739.4666995,567.9926522,Yes
Karthik Nambiar,Gurugram,278706.21,568.0610406,281733.66,9.045758147,35.29492761,FALSE,2870.467083,2729.615439,No
Aditya Iyer,Thiruvananthapuram,491364,707.0209772,445920.63,13.10955687,83.27976084,TRUE,4520.674782,773.5485592,Yes
Sai Bose,Tiruchirappalli,810879.75,606.5546805,256555.25,31.06503995,39.59150841,FALSE,4940.710547,1757.315561,No
Priya Joshi,Patna,1017033.61,325.7798005,41720.58,2.977726967,46.9445103,FALSE,663.9839808,2739.590921,No
Krishna Pillai,Srinagar,877936.76,325.6319807,352963.77,3.961806047,51.2041883,FALSE,2010.393579,2086.036143,No
Krishna Das,Udaipur,1064070.54,543.3733849,327002.83,15.07394702,49.49052867,FALSE,859.7777933,1114.038145,Yes
Ishita Yadav,Shimla,1153015.33,637.8890639,30288.23,9.046982569,68.14246859,TRUE,2041.204667,2405.100061,Yes
Sneha Iyer,Raipur,741589.52,447.7040029,87904.71,28.23117997,40.11905211,FALSE,3246.63051,3207.403369,No
Divya Pillai,Indore,1093929.81,321.3465942,491545.87,7.15589825,47.03265878,FALSE,1345.795793,231.2391879,No
Vihaan Gupta,Bhubaneshwar,714272.84,786.6838737,283736.75,29.91508981,72.46658309,TRUE,984.4535501,2623.538637,Yes
Riya Ghosh,Aurangabad,259888.41,761.1251957,79745.72,39.74709061,60.43778058,TRUE,4379.428551,314.0314445,No
Rakesh Tiwari,Rajkot,849577.09,401.4114074,281653.66,21.15402114,40.88750849,FALSE,1413.859475,2862.719069,Yes
Sai Pandey,Agra,307574.17,821.1961693,442289.5,31.81550844,82.26266374,TRUE,3289.046483,1098.987812,Yes
Divya Mishra,Chandigarh,743060.79,351.922204,194236.53,39.55287895,50.04436771,FALSE,4648.444419,2094.638832,No
Tanvi Verma,Chandigarh,854681.84,560.8442576,281072.88,10.01328613,57.71903708,FALSE,3400.976232,350.9223933,No
Sneha Thakur,Salem,1178550.62,750.7912285,458710.31,26.12658523,89.72577169,TRUE,3619.319896,325.9257446,Yes
Ishita Nair,Jodhpur,624422.18,325.4727927,466203.04,13.93850577,24.13659888,FALSE,1121.691739,558.2419485,No
Aarav Yadav,Rajkot,500441.75,707.6617785,434865.57,22.50899017,70.00548575,TRUE,1551.230577,1211.608092,Yes
Aditi Iyer,Amritsar,274177.6,465.1972671,284155.67,0,35.56919527,FALSE,1988.76807,2978.603444,No
Vikram Rao,Ranchi,864153.55,304.3165312,235383.26,15.39016155,54.1008714,FALSE,2938.113783,2631.983174,No
Tanvi Sharma,Coimbatore,1170288.59,651.5351809,81569.79,28.29347579,64.77079613,TRUE,2285.696005,2306.504131,No
Aarav Rao,Hubballi,911727.84,809.8948888,359795.22,32.88087613,81.34340994,TRUE,1433.274062,1922.492702,Yes
Sai Mishra,Madurai,990688.18,773.2516661,37007,20.43489653,93.91976647,TRUE,3572.687049,573.9085643,Yes
Karthik Rao,Bengaluru,543432.77,466.3757445,39030.23,21.42483536,35.0033157,FALSE,4756.756441,922.2678786,No
Karthik Tiwari,Bhubaneshwar,419687.33,662.6253915,360788.83,34.57306288,70.13854323,TRUE,1680.88048,784.9804339,Yes
Sai Kumar,Dehradun,485654.47,606.6499741,495250.02,36.08916793,68.35880412,TRUE,4110.288168,1199.285997,Yes
Vikram Tiwari,Kolkata,1025985.89,867.2552781,113218.11,7.854943868,87.00581937,TRUE,2936.26726,495.0106527,No
Rakesh Verma,Thiruvananthapuram,586632.38,427.6624383,154655.48,18.307839,39.39248474,FALSE,857.9165269,1662.167889,No
Aditya Chatterjee,Guwahati,531583.75,432.151267,165404.29,1.024644138,25.83895905,FALSE,5434.977229,1835.926507,No
Sneha Sharma,Nagpur,474216.63,330.218995,242764.97,12.21688482,59.58732482,TRUE,1863.227541,334.719108,No
Karthik Pillai,Vijayawada,565648.82,741.4687209,221035.07,20.84440215,83.02141328,TRUE,2128.166104,2646.808391,No
Rajesh Reddy,Vijayawada,326895.24,459.4775592,166792.34,40.82807764,36.13888682,FALSE,718.1557076,2764.269967,No
Vihaan Ghosh,Udaipur,390195.95,329.3034125,403993.39,7.15166718,43.27292499,FALSE,1255.884829,1824.566145,No
Vihaan Nair,Kanpur,842444.33,667.0827083,270431.87,3.013521453,30.01992312,FALSE,3119.941398,2865.714212,No
Tanvi Joshi,Kozhikode,681410.51,592.6148078,261886.7,38.77676079,64.55424154,TRUE,535.9637945,2136.458583,No
Aditya Singh,Kochi,757761.33,726.5790943,250698.31,9.187218159,70.30294591,TRUE,2432.488664,1292.084925,Yes
Riya Menon,Thiruvananthapuram,747049.63,593.4762418,140500.66,39.72435846,44.03140981,FALSE,3253.516184,688.8669641,No
Meera Yadav,Chennai,593585.95,800.45866,273714.36,35.77545314,85.40029677,TRUE,1145.702327,1002.661913,No
Naveen Kumar,Indore,447024.24,532.4444889,30443.22,25.6194927,54.46718131,FALSE,5129.389188,1342.887435,Yes
Rohan Bose,Chennai,671726.95,346.2749328,35894.34,10.90515647,50.74940035,FALSE,2283.573721,1600.570564,No
Tanvi Nair,Hyderabad,1145525.85,477.8927824,174493.92,33.52271706,49.29722409,FALSE,3099.418704,1471.448399,No
Vikram Thakur,Bhubaneshwar,967004.96,811.6887564,388244.29,37.37549316,77.85037556,TRUE,3637.975351,2555.008651,No
Ishita Kumar,Kolkata,1148430.67,337.0537563,356057.06,22.97148441,56.69640796,FALSE,2266.80499,299.83805,Yes
Vihaan Jain,Ahmedabad,698351.43,335.2263324,156432.55,35.92363056,24.93877167,FALSE,4786.006723,552.0689523,No
Aditya Patel,Gurugram,564380.33,633.210123,135557.14,36.78366303,65.77300822,TRUE,1341.266614,2415.832487,Yes
Naveen Nambiar,Hyderabad,948153.84,587.6031871,93301.64,0.988067868,39.9540684,FALSE,4961.827079,1080.370671,Yes
Ishita Rao,Jodhpur,1144631.23,580.4890344,450103.27,11.56433476,53.72667054,FALSE,2027.560728,3159.947613,No
Divya Mishra,Vijayawada,288563.43,735.965002,113315.15,15.96345906,95.08634029,TRUE,3483.588132,391.2385986,Yes
Ananya Bose,Chandigarh,741991.21,796.4103048,432333.41,17.07720371,87.76093208,TRUE,4245.72778,1557.423174,Yes
Aditya Kumar,Delhi,812564.68,309.5981963,154344.7,6.094005572,28.98355392,FALSE,1129.324164,364.9787186,Yes
Ananya Iyer,Mysuru,936406.96,706.226306,274627.32,18.9315281,51.67359402,FALSE,4713.734029,2968.051645,No
Ishita Das,Meerut,1104912.75,732.9041143,59563.74,13.41465633,68.03887577,TRUE,3974.221748,1515.929296,Yes
Rohan Nair,Rajkot,184109.44,755.6244938,136283.41,19.82818055,71.76766343,TRUE,1188.760816,1335.650657,Yes
Aditya Iyer,Bengaluru,822063.31,314.3410729,191654.97,16.43611072,47.83380252,FALSE,2272.772701,1825.109559,No
Aditya Yadav,Lucknow,387154.17,372.1324517,88805.9,30.36045884,53.29034384,FALSE,5535.751118,2639.668244,No
Ishita Reddy,Tiruchirappalli,477941.73,409.9334409,426736.03,23.98783265,35.00738284,FALSE,3126.318024,2187.890201,No
Vikram Singh,Surat,1187691.36,706.162071,327862.6,5.792848962,68.43862665,TRUE,3949.744426,2052.260522,Yes
Pooja Ghosh,Gwalior,727368.87,295.1582783,443619.93,38.11992421,43.61972748,FALSE,3111.808068,2897.174013,No
Arjun Chatterjee,Shimla,904773.34,795.0669046,61728.16,11.93991442,95.72458192,TRUE,4091.218875,2288.20044,No
Rakesh Ghosh,Hubballi,853947.88,827.4038554,221313.29,38.98846229,77.83568184,TRUE,3555.432121,2123.374983,Yes
Rajesh Nair,Kozhikode,337938.21,634.7235785,117819.44,28.66573467,74.46499232,TRUE,4044.917969,1421.255471,Yes
Riya Patel,Ahmedabad,919347.23,637.940919,329157.91,6.889021844,61.79074363,TRUE,3505.933398,2609.258787,Yes
Pooja Reddy,Varanasi,1147223.25,735.1051587,251113.1,24.23095038,59.06146536,TRUE,1768.938094,2290.093086,Yes
Naveen Pillai,Varanasi,1082643.78,333.6279737,317999.31,25.49544428,61.01782142,TRUE,1179.016093,2170.830766,Yes
Pooja Jain,Bengaluru,407107.98,669.2564587,381292.8,14.14304709,68.98604554,TRUE,2172.582925,957.7972499,Yes
Arjun Mishra,Shimla,642201.67,786.281922,52600.71,7.058270023,92.96684134,TRUE,3208.239923,2237.810558,Yes
Sneha Pandey,Ranchi,227156.63,375.9152415,27729.81,28.16425342,55.11121808,FALSE,2648.844827,2023.756731,No
Vikram Nair,Vijayawada,1035924.51,865.008527,241932.63,19.70781246,88.52888525,TRUE,2182.521978,1066.682844,Yes
Sneha Menon,Surat,1136522.31,473.3966534,404588.56,38.29351192,48.33761375,FALSE,627.89106,1303.049617,No
Aditi Yadav,Bhubaneshwar,1182884.89,735.7089176,298718.08,25.77633127,82.46390291,TRUE,2785.978985,1221.34174,No
Rajesh Tiwari,Rajkot,359566.05,720.1683802,160999.06,19.88137086,65.42428216,TRUE,1137.701396,2078.619066,Yes
Riya Patel,Bhopal,1022085.6,738.5049426,206553.43,25.9576147,68.79460418,TRUE,2878.236732,1090.06835,Yes
Aditya Pillai,Shimla,771109.31,396.659167,292736.09,0,34.35803874,FALSE,5024.552031,1756.597524,No
Aarav Jain,Ranchi,511967.8,584.8604988,146821.9,34.75502603,29.38332268,FALSE,4079.244753,2286.045822,No
Karthik Singh,Jaipur,242529.02,815.5528588,88391.06,5.830434051,93.92678884,TRUE,979.9199973,636.0928687,No
Meera Sharma,Indore,316209.05,475.2462419,86289.88,41.38961232,25.20381165,FALSE,5432.559522,945.4905896,No
Riya Chatterjee,Dehradun,635592.86,355.542882,245009.02,25.35039169,54.77531103,FALSE,2221.919466,1027.440628,No
Divya Jain,Mysuru,839752.18,515.2491851,94953.92,4.991472314,49.21898276,FALSE,1950.427124,2314.580953,Yes
Vikram Bose,Kanpur,748245.65,323.0187197,86323.04,9.244884993,30.64800358,FALSE,1474.774285,2823.663664,No
Sai Singh,Tiruchirappalli,1089881.75,390.401905,135299.2,30.39205171,50.359966,FALSE,1958.303103,2289.685498,No
Aditya Kumar,Vadodara,721648.88,584.3669985,192158.7,19.53024689,39.48463748,FALSE,5330.58164,3272.311496,No
Arjun Ghosh,Salem,527960.13,332.0105268,150720.33,19.03299749,56.09797564,FALSE,557.5674456,2437.626957,No
Priya Das,Coimbatore,479075.37,747.5513164,74524.31,27.04697551,78.25675823,TRUE,2291.745479,741.7040619,No
Krishna Iyer,Varanasi,1164225.83,638.4190325,138642.34,27.69514134,39.65367125,FALSE,4234.698353,1026.533042,No
Arjun Singh,Mysuru,857768.29,349.4135428,153476.79,2.043515322,44.44575738,FALSE,2321.289063,2902.48743,Yes
Aarav Menon,Visakhapatnam,807849.46,649.4210538,307567,28.2399527,51.34787488,FALSE,5252.580043,1912.756392,Yes
Sneha Chatterjee,Kanpur,560943.73,752.740403,407834.43,32.54518165,74.89359248,TRUE,3792.869237,2004.531563,No
Priya Joshi,Indore,705157.77,643.2397629,383572.28,28.02694368,63.86310686,TRUE,2117.130318,2332.293606,No
Aditi Gupta,Nashik,1179621.52,423.2529587,368018.35,9.945321014,40.63631998,FALSE,1329.376991,3200.125925,No
Praveen Singh,Bengaluru,1139218.23,548.2628538,60515.75,17.02660494,29.35000487,FALSE,3467.889002,2045.049511,No
Meera Verma,Raipur,430271.94,325.4064863,272938.84,33.82774014,48.917612,FALSE,1294.209308,1527.241721,No
Aditya Sharma,Mysuru,500622.2,718.6193663,369165.25,28.44515127,60.00855261,TRUE,3343.356148,796.1413946,Yes
Riya Bose,Mumbai,1135025.71,555.1155186,103470.19,35.76532358,28.8087489,FALSE,3992.408836,2305.128151,No
Divya Nambiar,Rajkot,435243.29,518.3758921,32326.77,34.89969053,54.46368161,FALSE,4498.112664,861.4229383,No
Praveen Thakur,Jamshedpur,1073611.41,691.3430242,480628.09,37.74394374,75.63604459,TRUE,2239.403735,443.3542947,Yes
Praveen Tiwari,Kochi,171610.95,537.1371668,195903.64,16.84674164,60.47806223,TRUE,2967.501492,849.694807,Yes
Ananya Das,Gwalior,226673.37,370.7256393,320555.21,38.24907217,49.80733233,FALSE,3274.964849,2752.19471,No
Aditya Joshi,Visakhapatnam,365912.82,644.1733058,409827.19,35.80279115,59.74084922,TRUE,4345.46319,2691.967785,No
Aditya Kumar,Thiruvananthapuram,629786.34,638.051252,131382.68,29.35474033,64.47590968,TRUE,3163.256939,368.5545475,Yes
Karthik Joshi,Kanpur,1101403.7,359.0783181,224960.46,14.75719335,48.84235992,FALSE,4628.214493,1392.908378,Yes
Praveen Verma,Ranchi,1169412.94,509.0441361,148229.88,23.09610179,47.92830442,FALSE,1208.876368,803.7521221,No
Sanjay Verma,Rajkot,183001.21,606.5280209,86717.05,13.10355853,74.17275425,TRUE,2973.531839,1185.081291,No
Sanjay Thakur,Noida,213416.95,440.2784324,316548.77,8.059860979,54.56601878,FALSE,1909.534334,1308.085232,No
Karthik Menon,Gurugram,367163.55,766.9214113,94083.11,2.980308102,69.91846582,TRUE,581.2879863,2403.080791,Yes
Naveen Chatterjee,Mumbai,1059659.82,353.6217009,27529.05,5.898750263,35.51040669,FALSE,3243.573478,338.7169258,No
Vihaan Das,Srinagar,899486.96,360.976625,496700.94,1.993447879,41.63883081,FALSE,2550.857239,1036.67886,No
Meera Gupta,Visakhapatnam,562971.95,679.9647212,45541.52,22.09953685,65.0682672,TRUE,2877.718553,2074.946013,No
Divya Bose,Nagpur,515671.24,782.868906,405956.55,34.15815092,87.76336851,TRUE,4374.702407,1026.813395,Yes
Karthik Patel,Ranchi,665317.17,799.9744899,371623.3,25.28563621,76.62319305,TRUE,2724.662999,1196.75048,Yes
Rakesh Yadav,Noida,355472.41,586.2173579,350774.77,23.3664967,62.72442552,TRUE,2411.847821,2010.412621,Yes
Priya Yadav,Lucknow,1110592.55,631.7349263,136739.46,38.39453729,41.04517325,FALSE,4944.69958,852.6642854,No
Rohan Thakur,Salem,260305.5,806.3948898,470472.05,21.11471398,72.51739609,TRUE,1360.05266,1715.914784,No
Arjun Yadav,Aligarh,930158.75,429.4233845,278964.12,32.48911447,53.85249092,FALSE,1345.254049,964.5628439,No
Ananya Joshi,Ahmedabad,927776.16,603.6358071,146452.55,8.03384986,55.62249025,FALSE,1405.273883,2887.990072,No
Sai Iyer,Ahmedabad,883465.78,823.7345938,184522.24,38.02728486,90.42179242,TRUE,3267.714694,1667.363148,Yes
Meera Joshi,Mangalore,256190.52,630.149466,84794.39,16.47901851,59.34452933,TRUE,732.4294545,486.7322389,Yes
Tanvi Chatterjee,Aurangabad,481567.3,743.2775677,493126.42,23.69076025,59.39502795,TRUE,1718.292731,2269.012582,Yes
Riya Joshi,Kozhikode,1069430.66,650.267836,484609.78,31.20660739,48.73839676,FALSE,4650.618584,2920.070392,No
Krishna Singh,Gurugram,1002959.42,343.6443011,394461.23,37.01439697,51.511502,FALSE,3810.203139,2010.695707,No
Rakesh Patel,Nagpur,1072626.7,337.2826567,223755.32,4.120958885,29.62947433,FALSE,4320.864455,1483.187614,No
Vihaan Joshi,Kanpur,648883.99,578.776262,95195.98,2.012859907,41.37771612,FALSE,4433.358681,3103.634619,No
Meera Tiwari,Chandigarh,807329.96,367.7138157,274205.03,23.18619928,55.58619938,FALSE,2427.121135,2765.310339,No
Rakesh Mishra,Jaipur,228944.28,699.4334089,348531.82,33.69104933,59.38448392,TRUE,3605.225334,1910.776627,Yes
Arjun Singh,Jaipur,369812.4,497.4308407,93864.2,23.30474434,25.51292081,FALSE,2771.278196,2079.437567,No
Riya Yadav,Delhi,396589.74,613.5019728,383189.01,1.022838243,40.43409205,FALSE,5015.100267,1053.263797,Yes
Sai Tiwari,Chandigarh,856466.29,764.6745331,401288.33,4.871871315,90.59262329,TRUE,1983.287809,2054.687182,No
Aditya Tiwari,Rajkot,395025.66,402.5383346,44479.62,9.902562908,49.74475433,FALSE,5374.027251,1634.146034,No
Rohan Bose,Indore,675506.47,587.3329549,191097.01,9.024890429,71.9764411,TRUE,826.02814,770.616565,Yes
Karthik Jain,Shimla,428154.94,835.9861743,374688.51,8.094629697,61.25263943,TRUE,636.2117803,1636.014177,Yes
Priya Pandey,Lucknow,665069.24,621.9910573,104508.19,39.82371201,68.51770901,TRUE,3972.132925,935.3614482,Yes
Ishita Bose,Agra,270385.24,315.1435164,388887.13,26.38609718,45.0797242,FALSE,1658.224891,3499.304804,No
Tanvi Nambiar,Pune,762815.51,715.106627,64519.05,36.41187506,59.20729633,TRUE,465.3585747,464.064518,No
Vihaan Jain,Raipur,849534.94,481.1960137,24204.57,41.27444441,25.09908115,FALSE,5501.596747,956.4468632,No
Arjun Patel,Aligarh,801841.04,442.1609384,222603.77,19.64975768,51.40794712,FALSE,4833.364233,442.3662732,No
Ishita Menon,Hubballi,862255.09,339.443816,199421.81,39.60647211,56.07579714,FALSE,1086.82872,2496.107941,No
Sanjay Pillai,Kanpur,845300.73,651.8982248,352875.86,16.70138035,56.18681096,FALSE,3819.964529,794.5966766,No
Praveen Singh,Vadodara,1182860.59,476.1804855,336326.66,24.80859383,34.82247944,FALSE,3225.133404,1803.889277,Yes
Naveen Jain,Surat,418419.09,805.7581845,396270.3,7.044853036,92.30099669,TRUE,3142.119815,2214.094094,Yes
Aarav Thakur,Mysuru,995332.5,584.0297413,339104.37,2.982805613,60.68985351,TRUE,1748.966892,199.052805,No
Sneha Reddy,Surat,803536.93,796.3372842,114403.91,38.63905159,60.34321521,TRUE,4276.618783,320.6035936,No
Rohan Rao,Ranchi,861670.52,772.4130707,471256.12,1.971209573,71.26673714,TRUE,3447.214452,2209.619538,Yes
Rakesh Verma,Guwahati,170096.65,675.5863345,435568.76,15.09652216,65.06157574,TRUE,1840.955707,790.5036583,Yes
Karthik Rao,Mangalore,625457.44,341.5405745,441272.71,37.9557845,51.13314147,FALSE,4413.073176,2241.414439,No
Rajesh Das,Ahmedabad,1054333.67,444.2553858,116842.08,40.14711332,35.70782429,FALSE,3778.700082,1197.001296,No
Vihaan Sharma,Visakhapatnam,786009.38,615.8955223,416616.41,23.90778717,64.15362261,TRUE,2891.969975,521.0749597,Yes
Vikram Patel,Srinagar,476820.57,449.4006094,408502.53,35.07470522,55.66906464,FALSE,4943.813701,561.2606597,No
Divya Nambiar,Jamshedpur,564329.46,528.6258562,465635.41,19.17549715,29.50270307,FALSE,4626.119005,777.6756599,No
Ishita Pillai,Thiruvananthapuram,916058.07,357.7181835,158373.51,13.27239471,44.90845551,FALSE,3572.719391,1699.080223,No
Pooja Verma,Visakhapatnam,614663.59,624.647269,393397.11,2.021993235,44.70523257,FALSE,5322.066743,1445.044855,No
Priya Patel,Visakhapatnam,835563.92,351.5162413,391423.66,35.9441462,50.03474543,FALSE,2407.499169,1725.321862,No
Rajesh Joshi,Bhubaneshwar,477397.76,531.0661517,95424.39,21.49812453,34.65834692,FALSE,905.5918097,753.5575431,No
Naveen Tiwari,Bhubaneshwar,925992.48,506.1016113,138249.02,13.91840202,29.6888292,FALSE,4068.455728,892.4948179,No
Vihaan Gupta,Kanpur,567155.18,352.3735088,127667.7,14.60944542,56.05157701,FALSE,4908.009314,1498.799094,Yes
Aditya Jain,Rajkot,540162.75,634.2612385,321692.2,26.03681269,50.58779964,FALSE,1456.112226,3072.09523,No
Krishna Nambiar,Tiruchirappalli,873854.2,340.2750567,84811.82,38.27762411,50.06922411,FALSE,4471.378868,2190.0783,No
Ananya Singh,Udaipur,198990.3,777.869833,86451.16,14.94613615,77.33469824,TRUE,1283.183295,2041.694446,Yes
Arjun Chatterjee,Jodhpur,656874.25,545.2319586,296091.97,36.78246747,34.73005944,FALSE,4630.054937,1439.028909,No
Ishita Ghosh,Mangalore,1097542.72,427.420162,238426.41,23.08759549,50.12361521,FALSE,1663.357162,388.3147204,No
Vihaan Patel,Noida,725166.6,537.7176766,43096.06,25.47878138,24.94548842,FALSE,1726.579864,618.4309817,Yes
Vihaan Pandey,Kozhikode,224732.79,737.5753474,333367.84,29.84004232,58.80924395,TRUE,2202.842482,2253.23172,No
Praveen Iyer,Mangalore,1033066.35,616.6087075,221366.85,11.9639139,67.07607087,TRUE,1465.602368,2207.087266,Yes
Aditya Gupta,Dehradun,217200.13,817.5398725,102000.08,4.007299349,86.72970108,TRUE,2377.340855,909.2945429,No
Naveen Iyer,Amritsar,1050590.78,566.5234578,416470.43,24.86161294,43.69974948,FALSE,1333.217541,2671.946769,No
Ishita Kumar,Noida,1058675.17,757.1432387,369746.67,34.10561096,87.39017201,TRUE,3175.482011,1961.327728,Yes
Arjun Nair,Delhi,433807.44,325.2589254,478479.9,4.855845839,20.13015318,FALSE,3295.963586,2161.376144,No
Rajesh Bose,Kochi,827993.1,352.0854193,370913.09,5.018175232,44.61526418,FALSE,3815.292529,713.142705,No
Pooja Ghosh,Pune,741302.93,466.3203494,466389.33,32.11529918,52.62891669,FALSE,4347.913706,1254.595358,No
Divya Nair,Guwahati,650850.5,520.2743125,463471.7,21.98374653,34.47871527,FALSE,870.9147513,757.5297172,No
Priya Gupta,Jamshedpur,677157.85,822.6068295,219666.9,16.73698613,86.30626939,TRUE,2091.511856,962.2232178,Yes
Aarav Singh,Bhubaneshwar,780048.59,682.8579962,495449.74,13.98081222,72.88356255,TRUE,1636.305255,356.071531,Yes
Sneha Rao,Thiruvananthapuram,1154718.22,397.1647286,329717.19,31.65687335,49.53916166,FALSE,1915.668884,2264.560845,No
Aarav Iyer,Delhi,191330.7,764.8102657,367622.45,2.039635139,62.39643516,TRUE,3059.441206,1131.317187,Yes
Sneha Reddy,Jamshedpur,440489.51,367.0193589,458667.96,35.42250862,55.62955327,FALSE,4612.642999,3304.928366,No
Priya Yadav,Delhi,621283.88,850.765969,274568.95,10.66463469,62.31091176,TRUE,685.0165,1428.92503,Yes
Aarav Gupta,Pune,1157709.68,713.1952347,488660.37,13.1042627,55.07356187,FALSE,2248.63224,3079.895591,No
Aditya Jain,Jaipur,687801.18,366.4463413,77647.01,2.864220859,45.57982066,FALSE,695.797822,940.118835,No
Rajesh Singh,Nagpur,760083.75,702.0633646,451075.34,10.08786181,89.18977339,TRUE,3955.946327,1129.017876,Yes
Divya Joshi,Hyderabad,1195959.24,717.5522399,357244.68,19.73621271,52.29895043,FALSE,4676.981765,2994.153475,No
Arjun Menon,Srinagar,902828.75,662.0491462,370676.81,3.943031273,54.45898968,FALSE,1961.70423,899.6172944,No
Priya Thakur,Patna,683501.04,852.563645,90344.1,8.920048471,87.91839029,TRUE,881.5839958,1179.43328,No
Tanvi Das,Jaipur,297597.04,506.1139035,165808.28,6.001657506,29.19937998,FALSE,1522.306366,243.637281,No
Aditya Thakur,Bengaluru,1063588.74,775.133028,409533.85,0.972165658,60.27718395,TRUE,4277.323034,772.8464998,Yes
Naveen Jain,Hubballi,740938.28,384.4367899,258411.16,10.78221141,28.92376,FALSE,3779.688504,2925.391066,Yes
Arjun Yadav,Jamshedpur,260108.38,655.3822379,215142.3,6.96293394,67.67835303,TRUE,2746.243578,1971.651566,No
Sneha Pillai,Dehradun,1024672.13,603.9193223,401977.74,24.4144027,64.78463202,TRUE,2360.145192,2017.396923,Yes
Sneha Iyer,Bengaluru,412605.84,596.4031708,466400.04,38.90761811,54.80655375,FALSE,1691.192622,2502.13159,No
Pooja Yadav,Bhubaneshwar,192739.8,363.8251747,484042.82,28.95680995,59.62414859,TRUE,2368.014141,1786.52018,Yes
Sneha Gupta,Delhi,970971.89,422.4944153,268792.84,25.27808829,46.52156229,FALSE,3615.55083,920.9992681,No
Pooja Sharma,Chennai,344015.43,579.1110549,92491.35,6.040849717,59.40624771,TRUE,989.9399591,2648.380322,No
Ishita Kumar,Salem,1000628.91,858.2250628,254663.98,36.39976196,90.79323425,TRUE,2815.212454,496.9754381,Yes
Praveen Yadav,Srinagar,1180387.09,490.739824,218761.55,6.019255669,30.91670787,FALSE,1454.286348,227.571101,No
Ananya Pandey,Gwalior,475641.11,741.2492368,115339.41,24.06325157,59.68124828,TRUE,3150.879079,654.8827834,Yes
Rohan Thakur,Dehradun,422096.86,803.6022504,167878.05,14.06332398,85.54961693,TRUE,1973.389853,564.4715736,No
Aarav Tiwari,Delhi,294854.98,696.0371367,105955.59,36.18706006,72.84807212,TRUE,523.3818396,981.7134505,Yes
Ishita Gupta,Nagpur,548063.81,414.3215186,435748.87,23.68188269,50.90071316,FALSE,4117.926431,2947.362113,No
Vikram Tiwari,Chennai,883179.54,489.832671,294409.75,8.897270691,41.15430071,FALSE,3320.080806,578.7595722,No
Tanvi Patel,Salem,676589.99,675.3346345,142631.6,23.69170413,65.00602873,TRUE,3189.043084,1654.729677,No
Rajesh Pillai,Bengaluru,742618.41,705.2345486,35196.03,27.58213261,54.92207587,FALSE,4877.367378,1051.79962,No
Divya Ghosh,Mysuru,315535.29,694.2888334,75919.37,27.92734159,49.98288682,FALSE,5139.08811,2708.859121,No
Sai Gupta,Pune,566370.83,697.4183335,141225.96,31.30314355,74.16369572,TRUE,4390.464538,717.9187641,No
Tanvi Singh,Vijayawada,463303.19,320.9213064,421316.07,32.95106337,39.33474319,FALSE,685.8913238,1138.688252,No
Sai Nambiar,Jodhpur,415833.8,402.8273275,47564.9,34.13757286,53.61828559,FALSE,998.2274573,1646.302709,No
Pooja Thakur,Vadodara,400823.79,586.9910403,382467.9,20.07843452,49.49268703,FALSE,5095.710259,1730.040925,No
Pooja Pandey,Chandigarh,1095675.91,521.3538007,61270.15,21.84920511,35.12141869,FALSE,919.2843917,762.8104361,No
Krishna Yadav,Mangalore,565091.33,799.6434148,312227.87,20.84130203,89.04711902,TRUE,1923.760707,2048.937465,Yes
Rajesh Thakur,Bhopal,1014499.04,603.7858401,166069.41,33.61970807,49.01758488,FALSE,629.9614479,391.812895,No
Naveen Verma,Jaipur,349693.8,372.68197,149579.81,38.274098,57.0209869,FALSE,4367.876334,2817.129685,Yes
Rajesh Rao,Dehradun,1049470.72,658.2763911,448069.11,1.021463522,36.56651006,FALSE,2891.539629,1597.205343,No
Vihaan Menon,Kanpur,998909.59,458.3220977,218234.99,40.83053728,35.33267772,FALSE,740.5654063,2785.443322,No
Rajesh Rao,Rajkot,557937.34,688.7808885,303720.34,34.69992377,66.16005403,TRUE,2521.263534,1657.215576,Yes
Ishita Das,Hubballi,402388.16,853.7825105,459742.41,30.19024805,76.85677588,TRUE,1015.068947,2595.768244,Yes
Rohan Mishra,Lucknow,676681.28,366.037725,114943.55,3.03166319,46.98199326,FALSE,727.1424285,926.7302937,No
Krishna Menon,Jaipur,640827.95,418.3072809,393557.24,8.063937014,19.81185316,FALSE,3974.465359,546.319805,No
Sanjay Mishra,Varanasi,730480.75,404.2583843,275321.73,4.994128573,34.35533451,FALSE,4892.555613,2463.992515,No
Karthik Mishra,Gurugram,1140757.69,734.4475044,29941.19,9.145031127,46.01565655,FALSE,1416.319567,2026.134483,No
Aditi Pandey,Amritsar,634490.5,450.8732498,44717.08,22.69191338,39.87537428,FALSE,4014.268803,2281.704947,No
Ishita Singh,Aurangabad,1149656.24,499.1759615,126229.28,40.06294592,49.74542021,FALSE,2888.742116,1856.955079,No
Divya Nambiar,Patna,381526.97,715.2285348,278527.42,18.90302683,59.45600601,TRUE,1987.800887,1260.30574,Yes
Rajesh Mishra,Bhubaneshwar,225527.55,800.7841473,347271.1,24.28465632,83.07833152,TRUE,2081.175301,1873.152928,Yes
Sneha Menon,Madurai,923477.91,821.0189296,89830.1,23.15103819,90.59045707,TRUE,1875.590885,2108.169787,No
Ananya Joshi,Kanpur,1015558.51,689.1936859,473656.63,1.99034407,49.12381904,FALSE,5227.295626,2748.695436,No
Sai Reddy,Gurugram,763898.86,542.1978406,143818.85,35.54073093,55.77335741,FALSE,4570.757293,856.6762375,No
Sai Bose,Jaipur,583602.22,739.6046599,378851.64,15.04507666,65.44031181,TRUE,890.1808102,1916.81801,No
Priya Mishra,Guwahati,969552.65,744.0400761,53055.11,28.24118618,86.36492675,TRUE,3067.329213,969.1584794,Yes
Aditya Reddy,Rajkot,933778.95,439.9918109,313007.92,9.922649168,54.52814884,FALSE,654.685351,2846.326671,No
Pooja Pillai,Chandigarh,746186.82,502.2541537,429490.8,21.05198293,50.32026707,FALSE,1833.225844,289.5314868,No
Naveen Patel,Nashik,874089.43,301.5418575,30061.82,29.3927158,50.52815758,FALSE,1052.327879,2378.636374,No
Vikram Patel,Meerut,433393.35,494.0969253,329242.28,34.71949043,55.00282857,FALSE,4609.080017,1442.868655,No
Aditi Reddy,Salem,291298.61,501.2460692,281817.19,12.31136376,39.84043167,FALSE,1944.758109,1681.565178,No
Ishita Nambiar,Thiruvananthapuram,1093452.43,569.6191186,106837.55,36.92373746,75.55824198,TRUE,3810.080706,275.076317,No
Ishita Pandey,Kozhikode,258774.27,772.9353845,153884.24,35.84963368,76.60104915,TRUE,481.9540764,2071.276986,No
Priya Ghosh,Ahmedabad,988863.85,863.8924022,160736.47,27.53657667,72.6356536,TRUE,466.105506,1174.754153,Yes
Sai Kumar,Aligarh,764484.12,776.5048549,133119.81,35.9918702,84.11116516,TRUE,3473.318537,1237.191423,Yes
Vikram Nair,Chennai,768597.12,396.2402938,449007.56,29.30261399,55.77809677,FALSE,3234.388488,1335.453537,No
Ananya Bose,Noida,335158.46,746.5607377,378647.1,6.946617292,64.23883942,TRUE,1493.238523,2130.717576,Yes
Ishita Yadav,Mangalore,355577.44,357.0444859,157856.64,10.8606348,57.72751723,TRUE,4270.077365,1784.434203,Yes
Karthik Bose,Kozhikode,320080.55,616.3767264,81578.11,13.86563856,65.3095498,TRUE,2078.187358,2118.293012,Yes
Karthik Ghosh,Rajkot,153086.73,613.5786619,365781.18,1.968335004,30.2121034,FALSE,1547.020793,612.3234615,No
Krishna Chatterjee,Bhubaneshwar,628865.5,803.0043315,90213.96,23.80400958,87.19997208,TRUE,3217.213966,1568.462181,Yes
Pooja Sharma,Hubballi,865153.62,458.8483702,423599.81,9.939856679,38.95272641,FALSE,5415.901074,2987.782674,No
Praveen Singh,Tiruchirappalli,322021.52,357.5256806,188365.2,6.808670907,44.61467209,FALSE,3139.798134,1970.210193,No
Tanvi Thakur,Bhubaneshwar,977452.92,397.4241045,498155.51,21.99431054,24.61702875,FALSE,4316.789772,1489.419769,No
Ishita Yadav,Bhopal,1183591.29,735.4128213,70983.43,9.115884879,71.06642328,TRUE,2312.362354,1330.442124,Yes
Ananya Reddy,Lucknow,719040.73,635.223941,416729.41,10.18678644,71.23831481,TRUE,3104.998935,1396.797963,Yes
Sai Yadav,Kochi,707097.23,761.3720328,489282.06,8.66354463,86.96698573,TRUE,2675.912869,1990.798871,Yes
Rakesh Rao,Bengaluru,726390.22,309.3507785,57247.78,25.74854441,40.85595027,FALSE,2318.482648,2921.943096,No
Priya Rao,Meerut,1128208.27,490.9161308,290460.61,0,10.18581507,FALSE,1538.82089,1267.665129,Yes
Naveen Nair,Patna,542553.05,734.8198094,386272.22,33.71955876,59.1529887,TRUE,2815.454778,1182.835344,Yes
Aditi Gupta,Tiruchirappalli,1199598.1,811.0340521,352739.34,35.48108862,72.97040807,TRUE,454.7608974,2091.191947,No
Ananya Nair,Vijayawada,672252.23,758.9380695,351172.73,34.77640831,73.29399227,TRUE,3104.368151,2532.036602,Yes
Sneha Nambiar,Amritsar,948090.89,431.091238,91078.64,0,20.1229167,FALSE,1007.295247,2394.007115,No
Naveen Reddy,Lucknow,235862.76,686.2433714,464546.37,22.88085719,62.34674795,TRUE,2819.233236,2073.819964,No
Karthik Pillai,Coimbatore,335347.5,428.4937631,116362.22,33.13194644,39.39974039,FALSE,1972.457994,1879.559624,No
Aarav Iyer,Pune,756237.61,579.1147026,190591.21,31.46829876,45.9997987,FALSE,4242.128072,1150.114747,No
Praveen Ghosh,Delhi,817856.17,664.8738925,228747.3,16.79449107,68.47248338,TRUE,2239.545895,2258.914071,Yes
Ishita Iyer,Pune,582456.63,511.2798426,75650.55,25.18321023,50.7742013,FALSE,1576.057714,2552.233904,No
Sneha Nambiar,Chandigarh,528398.9,698.5678697,177211.35,2.014025702,65.75547037,TRUE,3359.68158,2480.948379,Yes
Sneha Thakur,Varanasi,1095396.8,613.7643624,404139.64,25.23044638,65.81763534,TRUE,3089.426655,517.6542804,Yes
Ishita Kumar,Aligarh,1194012.58,668.8065039,196146.88,2.956953588,75.73216876,TRUE,1923.222771,1816.792545,Yes
Sneha Pillai,Visakhapatnam,960039.42,314.2410204,382343.47,12.39439938,59.8908818,TRUE,1835.59423,344.7726784,No
Krishna Nair,Bhubaneshwar,569704.96,324.0277953,370406.51,13.5844651,48.69137475,FALSE,1160.660705,2613.616566,Yes
Naveen Bose,Kanpur,1010703.47,839.1290682,30559.53,20.26953819,91.44724197,TRUE,1075.9171,577.5671996,No
Meera Chatterjee,Tiruchirappalli,929144.79,662.6345078,243931.17,10.02812923,62.99210112,TRUE,3614.559454,2642.10363,No
Priya Joshi,Raipur,726677.79,445.2942555,447746.51,20.58695345,50.18125388,FALSE,4934.215706,436.983433,No
Rohan Tiwari,Bhopal,177827.45,499.7475356,91039.21,31.54104831,25.13812876,FALSE,3263.528892,1527.048646,No
Naveen Thakur,Indore,1067355.87,521.8463528,406642.32,14.02725365,48.18188222,FALSE,1400.360351,1731.846365,No
Rajesh Menon,Ranchi,450050.89,656.6076976,380122.99,36.98093461,57.49492208,TRUE,4183.19373,1539.824062,Yes
Aditya Jain,Indore,636860.08,811.8592153,137528.34,21.10372684,96.52727674,TRUE,1166.152612,1741.447565,Yes
Aditi Ghosh,Jaipur,463399,452.2898276,225694.72,21.18209212,40.93467823,FALSE,3820.83044,3385.554069,No
Riya Sharma,Guwahati,709630.1,838.3343962,151150.16,38.77204921,95.18706652,TRUE,1542.906781,301.5701802,Yes
Rajesh Patel,Chandigarh,444639.09,562.694776,456491.5,23.97149898,48.48424784,FALSE,1311.468226,1769.828175,No
Vihaan Rao,Kozhikode,210584.68,686.941958,83589.85,15.50569488,51.27838262,FALSE,654.3527032,1814.123461,Yes
Rakesh Sharma,Bhubaneshwar,165162.64,767.0271173,326129.94,37.07158081,84.6125768,TRUE,3631.264885,1248.381093,Yes
Vihaan Patel,Hyderabad,981632.74,688.6810739,316329.39,10.92801245,48.87174675,FALSE,2178.075179,723.2232203,No
Vihaan Thakur,Bhubaneshwar,301786.57,392.5521474,429517.85,7.861418421,19.02669585,FALSE,3573.37195,1260.178403,No
Tanvi Sharma,Salem,823214.11,467.709415,414893.23,21.92566206,34.26514864,FALSE,4900.530869,912.8981706,No
Riya Jain,Kanpur,406634.88,788.6639728,299442.59,12.30640035,74.15152899,TRUE,1287.947233,1402.775995,Yes
Naveen Verma,Salem,236623.05,347.0104412,407834.54,8.310416077,48.79993935,FALSE,4426.02616,2310.65629,No
Sanjay Singh,Amritsar,288379.65,734.3193765,380188.78,27.3668542,55.11907881,FALSE,4900.824471,1043.151335,No
Praveen Nair,Nashik,978609.85,339.363057,118007.49,14.06581995,60.84958449,TRUE,884.4821004,452.7960115,Yes
Riya Jain,Lucknow,557313.12,650.2909051,380864.75,19.1871491,65.21219654,TRUE,936.1287819,1555.502604,Yes
Vihaan Bose,Madurai,653246.22,736.1374475,151025.72,23.44681521,81.58040079,TRUE,3660.246308,1239.954755,Yes
Meera Pillai,Dehradun,679112.55,533.8898047,145228.91,15.76655991,34.66749662,FALSE,4124.978566,1618.476009,No
Pooja Joshi,Pune,630740.68,353.4597256,154660.55,28.95641137,34.9723113,FALSE,1820.535377,1914.571561,No
Priya Jain,Ranchi,1107012.86,747.395254,473672.23,12.99824837,66.38901216,TRUE,4077.854155,1633.211905,Yes
Vihaan Joshi,Visakhapatnam,557454.87,471.0964377,226020.5,24.67219928,25.41884111,FALSE,2738.137655,2136.52899,No
Naveen Kumar,Kanpur,541621.67,846.8778128,479253.66,9.18806461,83.64423902,TRUE,3336.821045,289.8025217,Yes
Riya Tiwari,Madurai,1038079.66,357.0224518,288577.82,36.33105483,54.37937673,FALSE,677.1674432,1301.744666,No
Krishna Pillai,Shimla,1154412.59,670.1922823,386516.93,4.014154542,55.14596827,FALSE,2023.852841,933.8710075,No
Vihaan Pillai,Nagpur,172248.46,531.8191992,241479.62,35.51318937,50.41263097,FALSE,5915.565568,2605.744811,No
Divya Tiwari,Indore,972588.91,374.7081499,238421.01,9.182517508,57.61670385,FALSE,3482.467513,2936.248858,No
Divya Mishra,Madurai,388871.84,716.4134993,324713.52,23.80516001,69.00068374,TRUE,1538.023295,1258.664113,Yes
Rohan Yadav,Thiruvananthapuram,1117300.86,791.8893963,158021.21,14.68445775,91.32160736,TRUE,2047.870701,1368.905589,Yes
Meera Kumar,Gwalior,272822.51,502.225701,280244.93,40.44331313,55.91868272,FALSE,5537.265561,2934.526468,Yes
Praveen Ghosh,Dehradun,187260.23,410.3745109,218965.94,39.18225732,35.10303762,FALSE,3950.38583,737.8827025,No
Divya Das,Tiruchirappalli,270128.8,603.2940649,240563.94,23.34576224,64.51309185,TRUE,1144.136692,906.560721,No
Vihaan Verma,Madurai,1031414.28,770.9596511,104177.05,14.71237544,61.41020603,TRUE,3166.746272,2134.169738,Yes
Ishita Patel,Jamshedpur,266104.78,347.9928408,222871.33,14.6097216,25.64480705,FALSE,1405.668679,1094.756885,No
Vihaan Singh,Hubballi,233576.91,611.1445141,337146.04,18.82972624,52.26509631,FALSE,1616.050378,1846.109852,No
Riya Pandey,Shimla,645175.11,479.9489796,428536.86,37.31020486,49.56334975,FALSE,4077.398358,234.0532854,No
Aditi Nair,Lucknow,504270.13,537.066339,73028.45,37.70358986,35.48962671,FALSE,4594.592015,1375.499312,No
Praveen Tiwari,Madurai,200042.83,499.6294782,400387.53,37.6273669,57.58613249,TRUE,1755.586502,2116.101193,Yes
Rakesh Jain,Kolkata,234543.94,825.0716915,477895.72,13.93616888,83.74648654,TRUE,1932.348849,550.1261056,No
Ishita Pillai,Chandigarh,162802.61,364.7924178,461560.27,2.955830174,25.06717678,FALSE,4809.500238,2100.204974,No
Vikram Bose,Coimbatore,1184318.33,648.440402,105931.79,22.25798543,39.45545214,FALSE,5177.820342,926.8389597,No
Praveen Menon,Aurangabad,964917.29,528.443135,155210.97,14.26498365,40.41811244,FALSE,3224.46611,960.7220207,No
Arjun Menon,Vadodara,231880.3,695.3354523,129515.43,15.07773226,77.05798588,TRUE,2714.23514,1180.436486,Yes
Tanvi Menon,Kozhikode,1152804.55,355.1131206,306051.86,39.76328166,43.69275233,FALSE,3348.393548,2435.214759,No
Praveen Nair,Salem,229813.4,695.6275381,365024.36,22.40907998,79.10895472,TRUE,3579.908057,1230.095078,Yes
Rajesh Reddy,Kochi,217417.01,579.0689562,244635.5,27.35242074,63.56825888,TRUE,2526.858134,470.1567606,Yes
Vihaan Rao,Meerut,641067.63,518.3323153,391187.62,3.987919722,25.12228717,FALSE,4596.131322,2676.166798,No
Aditi Tiwari,Nagpur,1175923.97,597.8318074,128751.34,17.04136222,54.30101958,FALSE,1514.967334,2422.563825,No
Divya Joshi,Udaipur,842881.11,370.8886475,397125.58,13.38961754,45.44685777,FALSE,3402.278224,1648.088671,No
Ananya Thakur,Madurai,484938.14,308.270651,449631.46,8.902789675,29.91235438,FALSE,1458.232257,2819.02745,No
Krishna Thakur,Jaipur,1025479.92,643.443172,449267.34,23.025199,85.82161717,TRUE,3586.334799,1975.872518,No
Karthik Verma,Noida,1050381.6,552.3447369,47088.35,9.001061142,55.326007,FALSE,5144.337662,2323.605686,No
Aditi Joshi,Madurai,1173715.41,377.7002755,63432.12,12.91500609,46.13975604,FALSE,3747.078967,2964.945623,No
Sai Patel,Kanpur,863568.88,514.8631568,320769.54,23.67809805,55.31642687,FALSE,1035.290245,916.5262543,Yes
Sanjay Pillai,Varanasi,1151513.37,298.8093836,434567.99,23.66450075,57.52623448,FALSE,5024.193672,3089.797303,No
Aditya Singh,Agra,851093.7,324.1801854,423991.94,11.65587401,62.36018987,TRUE,1913.552098,351.0140547,No
Sneha Ghosh,Surat,951328.98,668.9505451,214421.09,33.96869882,74.75993841,TRUE,2518.923817,761.0784439,Yes
Karthik Iyer,Visakhapatnam,521270.14,337.8106931,366389.64,6.007129091,30.23767296,FALSE,2914.855202,234.4528771,No
Rohan Bose,Vijayawada,1031145.49,389.9936357,393214.75,0.988483815,36.06375458,FALSE,1475.458405,2598.071309,No
Priya Menon,Nashik,429578.01,810.2438174,347160.27,1.987689073,85.72906279,TRUE,3112.381334,2365.690573,No
Tanvi Sharma,Vadodara,805201.35,762.2689055,437968.37,12.73088988,84.78627147,TRUE,4372.981901,1315.64352,Yes
Karthik Rao,Agra,545285.73,421.468789,460651.03,15.47683997,35.03602466,FALSE,5168.955557,2767.363566,No
Ishita Joshi,Kochi,169944.56,663.3137549,495110.96,25.56719976,70.13150272,TRUE,4540.185273,1049.413889,Yes
Priya Gupta,Pune,920180.78,831.3910355,415122.57,34.23336239,78.39878497,TRUE,1831.938703,1263.288856,Yes
Pooja Kumar,Bhopal,615384.48,625.9490867,52382.79,32.35928994,70.9912321,TRUE,2343.242148,524.5095205,Yes
Sneha Tiwari,Ranchi,540038.27,695.0731653,303084.46,37.23331853,76.37260991,TRUE,2287.552333,446.2985032,Yes
Aditi Thakur,Ranchi,1071187.89,340.4127114,420821.4,24.06195117,24.84697203,FALSE,2826.278237,3120.776411,No
Priya Rao,Madurai,844169.62,713.9926653,360225.24,23.43636368,71.68803032,TRUE,1552.794608,1245.018182,Yes
Tanvi Thakur,Salem,565439.59,329.6021322,172078.83,34.7694682,25.06748479,FALSE,5428.954115,2081.449523,No
Naveen Reddy,Jodhpur,202191.21,442.4086654,344080.57,23.79808568,45.64444265,FALSE,4063.653406,1359.537364,No
Tanvi Ghosh,Gwalior,344009.09,524.7061301,443934.22,24.22927651,56.57523137,FALSE,1044.383048,922.9542906,Yes
Karthik Nair,Guwahati,782484.83,377.3021086,258820.21,26.9925735,38.4572628,FALSE,3827.196526,3274.658868,No
Riya Pillai,Hubballi,364809.9,377.2505856,248991.44,0,39.21518889,FALSE,2393.094226,1879.432409,No
Rajesh Gupta,Jaipur,610116.04,581.3922055,44842.06,1.022753365,39.85298645,FALSE,2827.84593,2769.55964,No
Vikram Jain,Visakhapatnam,1151046.06,681.003065,214042.04,1.987087809,51.51355461,FALSE,5053.758553,2800.976033,No
Ananya Chatterjee,Srinagar,1070287.64,484.8127261,269283.02,8.801928291,44.44792217,FALSE,4000.168547,3133.395604,No
Sai Chatterjee,Shimla,1110500.75,700.4680955,454478.95,25.5085603,68.80618265,TRUE,2879.142162,1046.686705,Yes
Aarav Nambiar,Ranchi,226764.37,655.1552994,445409.04,3.047765191,30.11319556,FALSE,2321.589895,1262.374179,No
Sanjay Verma,Aurangabad,788769.05,664.5512253,443638.91,13.83557013,64.05808266,TRUE,1101.417948,395.8435246,Yes
Riya Singh,Ranchi,201965.3,586.5112709,322651.7,10.07984377,68.62409551,TRUE,2948.27968,1412.011736,Yes
Ananya Kumar,Gwalior,401722.48,759.3662829,426194.93,35.9460443,78.82770779,TRUE,1456.578561,2597.397942,Yes
Praveen Kumar,Srinagar,911578.81,468.0306483,347290.35,39.30305145,44.02110461,FALSE,1947.251489,2415.934668,No
Pooja Singh,Vadodara,201495.21,747.892632,408715.22,5.865953752,53.52082351,FALSE,1262.58633,594.6493853,No
Riya Tiwari,Visakhapatnam,422254.99,407.4188208,487305.96,32.74694961,34.23577382,FALSE,5188.671196,1466.462876,No
Ananya Nambiar,Tiruchirappalli,874740.33,505.7344171,125604.98,40.02569335,50.1137265,FALSE,1577.721602,1261.043555,No
Praveen Pandey,Varanasi,1015320.5,611.6125878,124545.44,1.01156117,25.28106254,FALSE,4687.228025,2305.694754,No
Sai Bose,Aligarh,897971.8,403.5640071,377964.65,34.14151511,54.16396877,FALSE,3156.175139,1544.920161,Yes
Rajesh Reddy,Meerut,800900.5,792.1414298,421243.17,17.54334789,88.10819172,TRUE,4189.161192,1838.450507,Yes
Rohan Rao,Mumbai,179759.76,371.4122303,402352.82,27.15478213,34.15779259,FALSE,3556.970877,2768.215314,No
Ishita Gupta,Mangalore,1059399.35,347.591471,409707.25,0,39.70263823,FALSE,3886.810821,999.5523925,Yes
Sneha Jain,Kolkata,250462.49,449.0328172,216595.17,8.999427534,29.33248086,FALSE,1373.64399,1914.968713,Yes
Sneha Patel,Rajkot,886149.64,723.3288493,434550.66,8.058418233,59.87491826,TRUE,4332.413639,407.800505,Yes
Ishita Nambiar,Aurangabad,983825.96,642.5724798,362605.78,24.98325641,50.64846433,FALSE,1481.439338,3061.418229,No
Naveen Pillai,Salem,596597.6,359.4646408,140570.17,2.916134797,29.51107361,FALSE,4014.798921,2508.661935,Yes
Vikram Joshi,Bhubaneshwar,1034568.56,410.7878901,332697.16,34.63014155,59.24122974,TRUE,3828.351773,2018.887128,Yes
Divya Das,Vijayawada,332594.95,339.6703945,495458.77,23.85697412,24.73663942,FALSE,2848.064379,2995.458332,No
Praveen Gupta,Srinagar,728387.74,713.4342044,433233.89,16.7057552,49.0415385,FALSE,2033.189213,2025.545376,No
Ishita Menon,Agra,310188.7,768.9344856,255075.54,29.29319425,73.07118213,TRUE,3306.785158,2320.124173,Yes
Karthik Verma,Lucknow,644054.29,497.3190101,414884.29,20.19929517,39.96345121,FALSE,3261.023086,2020.546317,Yes
Pooja Menon,Nashik,792941.44,772.5345138,448829.35,20.7095108,81.1614217,TRUE,2087.400756,2696.670027,No
Priya Nair,Kolkata,701499.28,343.8111988,488511.07,13.14682844,61.17589781,TRUE,757.1572777,2047.408694,Yes
Aditi Rao,Bhopal,939220.28,451.302408,182756.02,36.82505051,59.99736262,TRUE,4316.700093,1559.637987,Yes
Vihaan Menon,Aligarh,223715.02,357.8271215,397704.15,28.01280646,34.12812316,FALSE,1863.866839,1929.762841,No
Vikram Singh,Ranchi,715362.49,433.1284637,419639.17,5.954880935,55.19925724,FALSE,2726.728511,502.3369783,No
Ishita Nambiar,Vadodara,386604.52,695.9544219,264583.03,0,44.75928439,FALSE,1211.536537,1200.370755,No
Ishita Jain,Nashik,179758.98,698.5629162,368083.06,22.87198745,71.2505238,TRUE,1579.146327,1258.103591,Yes
Ishita Yadav,Mangalore,187887.85,574.7283278,85529.44,11.55610481,56.21272546,FALSE,5272.466216,2521.572778,No
Krishna Bose,Jamshedpur,267690.53,612.8947584,345980.89,19.83879976,64.81776685,TRUE,3811.953305,1084.556675,Yes
Ishita Mishra,Hyderabad,229814.04,321.2584592,144126.94,7.707244877,49.88059519,FALSE,3325.721591,3056.12141,No
Sneha Menon,Jamshedpur,1081582.48,366.8599071,258215.7,38.25320481,55.12818666,FALSE,5468.080922,1181.06285,No
Vihaan Kumar,Noida,962957.8,442.1294332,175246.92,5.998815435,38.87233029,FALSE,5129.328965,1991.932935,No
Arjun Thakur,Udaipur,1167690.84,537.3950059,414841.26,36.60661454,35.86028396,FALSE,2842.255208,695.2258812,No
Praveen Pillai,Amritsar,522419.45,471.3169863,431165.88,33.77664199,49.38807044,FALSE,3602.200527,2166.323853,No
Arjun Chatterjee,Bhubaneshwar,946692.37,559.8347901,417795.35,1.982328471,41.13811205,FALSE,5047.178449,611.5974788,No
Aarav Thakur,Ahmedabad,1162753.52,389.0007406,327142.02,9.893586854,40.56130786,FALSE,3790.215342,2791.673081,No
Naveen Thakur,Kochi,1003500.32,828.637887,453138.18,25.58200355,75.92323929,TRUE,628.8360941,1892.493542,Yes
Vikram Menon,Delhi,979023.65,674.8774052,125078.45,37.05861172,79.90579891,TRUE,1577.409343,595.9695679,Yes
Aditi Nair,Rajkot,697248.74,368.8168527,335647.03,38.70887545,43.67642464,FALSE,1627.713905,3042.148045,No
Vihaan Nambiar,Bhopal,1014636.77,837.5054046,357392.37,10.11921298,98.44405471,TRUE,632.5002379,1626.399779,Yes
Sanjay Sharma,Bhubaneshwar,394230.13,885.2826935,349917.28,30.66199806,92.7202031,TRUE,3589.711515,806.0519426,Yes
Vihaan Thakur,Coimbatore,471411.77,319.8348428,311224.6,8.857295078,29.8943696,FALSE,1457.596147,2841.562634,No
Arjun Pillai,Aurangabad,985860.36,572.6370856,312984.09,25.43958918,49.01706264,FALSE,2007.050182,786.3067806,No
Sneha Verma,Gwalior,198432.38,548.4969551,326033.26,25.44754814,25.32661674,FALSE,1745.798369,597.8782949,Yes
Ananya Singh,Aurangabad,344942.7,722.7593393,433870.66,12.80341293,63.42408387,TRUE,4087.782388,1595.079653,Yes
Vihaan Patel,Madurai,528061.33,741.3763837,373168.09,26.8570685,87.43736879,TRUE,3134.06811,1005.328489,Yes
Aditya Nambiar,Mangalore,1102225.54,467.1966805,457758.03,9.970567685,40.53326211,FALSE,5691.178912,2950.412212,No
Rajesh Gupta,Noida,226584.02,334.2575129,98021.24,23.41052783,25.50477839,FALSE,4681.476774,3060.503195,No
Priya Pillai,Surat,972161.53,635.6062568,431712.09,3.020850479,29.30007429,FALSE,1588.151081,1271.220955,No
Tanvi Chatterjee,Gurugram,514199.6,393.2774328,180511.01,11.00523205,45.52743303,FALSE,4195.30965,1409.466391,Yes
Riya Bose,Ahmedabad,938383.42,805.2486134,117132.5,12.65738225,71.79883285,TRUE,1653.063487,1647.235815,No
Rajesh Das,Lucknow,922620.49,527.3406132,273789.04,35.96111784,49.29164093,FALSE,5631.067392,2590.225019,No
Vihaan Menon,Chennai,672476.18,486.9174227,69763.82,35.70982492,53.27921917,FALSE,2419.875212,2412.388571,No
Rakesh Bose,Bhopal,201597.96,841.7190575,388270.83,33.80137102,97.98751781,TRUE,3889.641349,816.0481081,Yes
Arjun Kumar,Mysuru,395217.99,398.6875331,468722.41,29.05824011,35.51802516,FALSE,1116.374563,1235.928322,No
Pooja Thakur,Raipur,497622.25,578.3745571,240860.45,18.96139117,40.59384956,FALSE,4762.679026,427.837749,Yes
Priya Tiwari,Shimla,292395.39,485.728836,325161.95,6.009582658,55.72094619,FALSE,1702.425707,2298.926032,No
Pooja Yadav,Jaipur,544519.44,353.7003463,67914.78,18.53522979,39.21539286,FALSE,1632.80822,2757.300399,Yes
Rajesh Chatterjee,Madurai,903780.16,532.4601913,478204.19,10.37353552,35.85996269,FALSE,3309.636826,2205.538781,No
Aditya Nambiar,Pune,323459.8,767.115985,70001.24,37.4739207,90.80588971,TRUE,3879.005966,904.0307637,Yes
Vihaan Nair,Aurangabad,455053.79,410.5302047,63688.42,12.79201725,40.09574143,FALSE,3389.303933,2040.537986,No
Vihaan Pillai,Tiruchirappalli,530080.75,536.4659138,465508.73,29.86990927,54.81063986,FALSE,5092.642077,3003.29106,No
Rakesh Iyer,Coimbatore,797666.75,699.5433796,438728.67,30.08781699,55.98759229,FALSE,4911.925049,2664.509002,No
Krishna Jain,Visakhapatnam,732345.64,691.7756656,291308.81,32.99076076,51.40913705,FALSE,1061.01659,1896.818248,No
Priya Gupta,Bhubaneshwar,760308.59,371.159445,392629.4,11.15871717,49.41087953,FALSE,4610.489156,626.3106449,No
Divya Iyer,Vijayawada,566477.21,593.7977066,456508.82,12.83167466,54.72787435,FALSE,2083.974166,310.8827016,No
Tanvi Joshi,Meerut,1037447.63,576.778103,336784.92,30.4566824,39.55811998,FALSE,5120.932499,1784.083685,No
Rajesh Mishra,Thiruvananthapuram,1000647.8,484.0575558,385338.92,18.47533455,59.8858024,TRUE,2537.088545,2242.373889,Yes
Vihaan Nair,Bengaluru,546751.17,546.6554101,223735.72,28.8993811,54.30280119,FALSE,5117.413983,3096.461425,No
Sanjay Mishra,Kozhikode,404132.72,593.4971034,355932.53,19.37480052,39.77581085,FALSE,5199.134286,3314.561103,No
Aditi Pillai,Gurugram,714187.58,320.4258133,218123.35,29.05961634,50.12881965,FALSE,4447.54907,3108.259376,No
Praveen Thakur,Ranchi,377278.6,660.5690561,148725.22,21.5702307,78.80240259,TRUE,2342.678309,2386.631814,Yes
Aditya Jain,Srinagar,972721.24,768.4690442,329465.55,21.95263519,69.5838273,TRUE,3768.285838,795.1855584,Yes
Priya Pillai,Tiruchirappalli,253666.99,630.9997564,335204.74,29.97744491,49.61791025,FALSE,1272.953792,2405.506384,No
Ananya Pillai,Amritsar,673415.81,730.2807217,92025.57,32.32184259,74.80910759,TRUE,3876.51881,2007.543989,No
Tanvi Mishra,Udaipur,726037.22,366.7714384,424263.14,29.26012655,44.3523877,FALSE,3116.297955,2843.385271,No
Vikram Patel,Pune,887067.97,663.9330512,492811.93,21.33620312,76.23852179,TRUE,806.407136,349.281981,No
Rohan Nair,Mangalore,1134606.31,717.4217476,403441.63,39.18887775,77.99244897,TRUE,3419.033263,798.6628201,Yes
Vihaan Patel,Nashik,720072.02,333.7355526,396138.4,20.88620175,54.83617682,FALSE,3804.062744,3176.615789,No
Sneha Verma,Mumbai,758211.11,683.4192275,288787.64,9.83524957,70.71786922,TRUE,2864.977873,2533.196574,No
Krishna Kumar,Agra,571418.34,483.9585298,260992.46,31.41792613,44.56531977,FALSE,5228.158445,1260.381403,Yes
Sneha Nambiar,Jaipur,565086.07,571.8804672,438739.97,6.05308533,61.26277053,TRUE,975.4260191,2522.503051,No
Pooja Rao,Gurugram,335217.33,804.6637125,42794.38,28.93598953,65.82380617,TRUE,1262.415976,2039.83045,No
Rohan Jain,Hubballi,228937.1,820.2749221,161740.58,25.17309574,88.4587976,TRUE,3575.188776,2385.035358,Yes
Naveen Pillai,Madurai,1120929.44,671.1217892,272505.9,37.59266959,63.6050808,TRUE,1694.708069,1388.444627,No
Divya Sharma,Aligarh,662626.49,426.0607282,146562.2,18.50485863,51.77853085,FALSE,4926.394133,552.8309917,No
Naveen Nambiar,Ranchi,595005.78,774.3345238,407639.02,18.8093612,72.0653029,TRUE,2755.864818,1484.083511,Yes
Sneha Verma,Patna,912228.92,605.4646564,364353.54,2.010652503,54.65541069,FALSE,3834.159467,2987.706437,No
Naveen Verma,Dehradun,241683.57,313.8083132,102400.5,26.94987964,25.33243955,FALSE,3634.43542,2408.300044,No
Karthik Nair,Mumbai,623675.67,437.0258831,440815.68,15.39898747,61.1716403,TRUE,872.180077,1619.188451,No
Arjun Kumar,Varanasi,217494.43,657.9234431,219289.92,8.741401532,71.84219405,TRUE,2094.896547,2345.621397,Yes
Vihaan Chatterjee,Patna,916865.62,424.1737544,118377.25,17.31499499,46.17285266,FALSE,4876.712791,1801.394608,No
Riya Menon,Vijayawada,855965.93,743.0606034,247666.42,1.968539865,67.20648174,TRUE,682.8472012,363.9869306,Yes
Praveen Joshi,Salem,247023.32,400.2322375,266594.23,12.03962786,50.7987863,FALSE,5429.217882,1500.39513,No
Pooja Rao,Pune,349599.84,780.3141767,203415.58,0,72.19747452,TRUE,2624.365918,1086.620062,Yes
Rohan Iyer,Coimbatore,550386.07,822.4827291,233456.05,27.88031999,94.61283086,TRUE,1926.388405,306.5872405,No
Sanjay Sharma,Meerut,548205.14,496.6902811,467148.84,1.971028581,41.03264171,FALSE,2610.804785,1293.728997,No
Sai Pillai,Nagpur,155017.89,402.2324559,98554.22,1.964409034,44.82024865,FALSE,4976.477288,3032.959972,Yes
Rakesh Mishra,Ahmedabad,614038.41,708.802361,28696.26,35.15516111,59.96684732,TRUE,3622.582416,1791.966754,Yes
Krishna Singh,Meerut,216993.18,469.8023404,194455.02,2.970102242,43.61224848,FALSE,3113.997414,1212.00177,No
Aditya Pandey,Chandigarh,323742.69,477.084763,46733.04,35.00556843,54.99521925,FALSE,4652.492874,537.3402551,No
Aarav Rao,Jamshedpur,178943.32,486.8458812,472230.22,37.86005452,39.46103938,FALSE,1074.697475,612.6798668,No
Vikram Pillai,Coimbatore,502031.5,444.4963331,287765.71,13.59442494,48.66143227,FALSE,2695.437686,340.8978026,No
Vihaan Yadav,Aurangabad,1059566.11,302.3348966,371725.55,3.921430983,34.49365814,FALSE,3253.416886,2910.762855,No
Rohan Reddy,Ahmedabad,749555.33,680.4065726,336246.41,14.93252398,54.84210403,FALSE,654.9437557,2221.14252,Yes
Aditi Chatterjee,Nashik,272642.77,548.9987831,291167.39,31.71301895,24.42629648,FALSE,3440.700026,2709.982854,No
Arjun Iyer,Salem,968192.46,387.4092469,339254.75,28.42764899,43.88138985,FALSE,1456.25497,1200.233791,Yes
Pooja Yadav,Thiruvananthapuram,847144.29,731.1852792,385744.4,8.008746676,58.79604544,TRUE,4457.796235,391.0013156,Yes
Priya Pandey,Patna,525177.18,379.9934645,389171.19,10.08394081,44.14099812,FALSE,671.1375814,2822.466838,No
Sneha Joshi,Amritsar,1131101.88,454.6916504,488647.22,1.023314474,30.28083895,FALSE,3822.433597,3189.69953,No
Rohan Chatterjee,Hubballi,636799.54,752.1569766,371207.87,39.96001656,90.56270877,TRUE,2451.491697,1467.521778,Yes
Divya Verma,Vijayawada,534540.41,762.8569147,339049.8,14.0755592,82.25027519,TRUE,1191.852689,500.7244658,Yes
Tanvi Menon,Meerut,1116429.78,788.2547001,133358.43,36.36361283,82.3389523,TRUE,1456.923829,2671.585206,Yes
Praveen Jain,Bhopal,462928.27,854.2429897,73620.7,37.3556267,85.65317677,TRUE,1815.059973,2540.079029,No
Rohan Rao,Hubballi,275934.11,604.3841567,63247.46,38.6660168,54.18378705,FALSE,3351.378549,1409.799657,No
Naveen Rao,Mysuru,1149753.87,504.6508138,74143.85,8.081741113,44.34103059,FALSE,2317.361599,2104.224145,No
Krishna Menon,Jodhpur,489818.11,328.2934685,493156.76,27.2243226,45.31816678,FALSE,4053.237814,2048.560269,No
Rajesh Bose,Gwalior,686135.13,742.3991559,267568.5,6.801036267,70.03559397,TRUE,3291.926266,2345.233567,Yes
Ishita Yadav,Thiruvananthapuram,1042635.97,793.5450459,46438.11,33.77133206,80.11835486,TRUE,776.7055717,717.3813397,Yes
Vihaan Iyer,Chennai,270660.01,500.0985224,177416.75,21.24914419,39.21960131,FALSE,1079.429747,1396.451152,No
Arjun Iyer,Mumbai,1083655.64,611.2449003,119372.2,8.977150899,49.68720184,FALSE,5247.574675,3208.538203,Yes
Ananya Bose,Gurugram,1015296.41,355.7700363,143745.57,29.04128297,45.28618479,FALSE,3112.704108,2930.397482,No
Praveen Joshi,Mumbai,320412.41,444.7706634,25868.16,0,10.22447243,FALSE,2696.952083,2443.816189,Yes
Aditi Jain,Srinagar,353050.65,694.8122739,384994.82,22.86087611,81.19477563,TRUE,4367.322516,1640.362864,No
Pooja Rao,Madurai,1171602.46,503.8322834,204802.81,23.18971577,44.48239028,FALSE,2059.85348,1437.001788,No
Riya Jain,Udaipur,837744.05,482.9251709,340798.24,31.17245783,53.68081198,FALSE,3376.060789,1102.59426,No
Meera Pillai,Nashik,933518.2,418.5900616,40002.29,35.98732488,39.52045209,FALSE,2840.469686,3062.165245,No
Ishita Joshi,Jamshedpur,316945.13,478.9538224,478068.28,4.082896177,28.92104735,FALSE,2732.208503,2058.14347,No
Arjun Bose,Mysuru,531208.31,349.8613598,271902.75,21.1981299,25.29371396,FALSE,2948.180504,2130.906988,No
Aditya Joshi,Gurugram,289581.12,730.3015234,197608.3,33.79460173,78.32260247,TRUE,4070.34656,984.3423355,Yes
Divya Yadav,Hubballi,940019.86,513.9808371,238457.68,18.64624489,59.50251968,TRUE,2547.63147,2207.172886,Yes
Sanjay Verma,Lucknow,782933.33,347.8558933,320759.09,40.83372582,44.99865901,FALSE,1323.061493,840.2882778,No
Divya Thakur,Salem,331972.24,594.8343178,180704.79,13.91149505,41.60858004,FALSE,2535.343271,402.7686779,No
Rajesh Mishra,Jamshedpur,297976.92,835.662935,190078.76,9.027443224,88.36349893,TRUE,849.5746594,1203.206705,No
Ishita Bose,Chennai,808864.71,309.320496,351068.98,26.49655303,44.77483358,FALSE,1707.304461,3319.468568,No
Vikram Bose,Amritsar,1089901.77,839.1068356,67877.82,15.88367329,74.16154329,TRUE,2947.5619,2428.366881,Yes
Ananya Pillai,Amritsar,857980.49,350.0829595,292740.49,10.33063274,44.9353211,FALSE,1540.127911,1126.787105,No
Ishita Menon,Noida,391668.91,808.8683689,158443.5,28.77040942,75.69987273,TRUE,1815.743706,1116.456769,Yes
Tanvi Singh,Mangalore,325772.66,732.5376534,380753.24,36.0878641,49.92406689,FALSE,4035.528166,294.1001111,Yes
Aarav Kumar,Noida,412638.25,829.5833335,468441.7,39.51561871,99.30081571,TRUE,1044.667949,777.5786745,Yes
Vikram Gupta,Ranchi,1171837.61,659.7390877,270438.85,28.51280456,48.62794719,FALSE,5337.373963,1905.476805,Yes
Sai Yadav,Surat,239307.27,835.9248,215333.22,33.40634282,95.84559071,TRUE,3702.284483,818.7202635,Yes
Vikram Menon,Tiruchirappalli,201801.34,306.6707919,331089.51,28.08818103,54.71129487,FALSE,1840.597431,1205.829656,No
Rajesh Das,Bhopal,1182240.64,453.8508978,132127.58,39.6668169,35.24482387,FALSE,717.6735367,2838.454894,No
Ishita Joshi,Mysuru,611320.13,752.0857851,66627.13,11.95303991,73.21258759,TRUE,1327.298995,1357.47339,Yes
Vihaan Chatterjee,Indore,899690.17,686.8869806,428548.14,16.70629056,75.50484839,TRUE,2852.059903,206.5740929,Yes
Arjun Menon,Coimbatore,187283.26,595.8004332,313257.38,2.870863464,59.93871646,TRUE,1724.855821,208.9730885,No
Aarav Nambiar,Vijayawada,812706.3,507.583815,457035.9,3.882330458,24.92022382,FALSE,5519.456408,3071.885401,No
Ishita Yadav,Rajkot,365251.27,308.041653,249349.26,18.43057411,45.1988216,FALSE,1904.939013,3238.242111,No
Tanvi Das,Shimla,791049.78,375.9606806,482840.09,28.7724002,50.6736352,FALSE,3814.015033,1057.253854,No
Karthik Yadav,Meerut,899813.27,696.6533204,180166.85,28.1336406,71.8231441,TRUE,4204.60852,1683.265637,Yes
Aditi Tiwari,Vijayawada,460882.62,359.5242681,228547.79,3.093178461,48.43847634,FALSE,4273.6468,290.7867756,No
Aditi Pandey,Kolkata,1156398.28,595.280024,92052.77,34.41337374,40.01824946,FALSE,1956.546187,2098.971621,No
Arjun Singh,Coimbatore,488899.01,499.5274223,294212.2,20.88431951,49.42431307,FALSE,1756.486704,284.3423811,No
Ishita Kumar,Vijayawada,877206.72,643.1535311,331756.22,30.32781165,48.56297754,FALSE,3938.230486,231.3799507,No
Naveen Chatterjee,Kolkata,589904.49,604.1888694,135563.74,35.40564418,50.26856591,FALSE,1375.137026,2184.874546,No
Meera Menon,Chandigarh,799186.62,717.3912884,261733.79,17.26220527,69.61707684,TRUE,3256.80551,2217.469134,Yes
Aditya Joshi,Ahmedabad,486479.32,764.9496037,418506.15,30.62109783,84.71459536,TRUE,2793.428558,2532.11947,Yes
Aditya Kumar,Gwalior,534742.91,345.5758045,134655.73,39.00259473,38.61935614,FALSE,2181.672287,2959.39151,No
Praveen Pillai,Pune,270206.23,624.5184276,226233.95,30.7968533,45.5451219,FALSE,4269.854888,1131.092998,No
Pooja Tiwari,Visakhapatnam,195223.68,645.8131396,25619.62,35.98038079,54.74692873,FALSE,3182.075362,888.9126042,No
Arjun Jain,Ranchi,489267.96,753.1668711,164156.3,7.896354163,87.04816749,TRUE,1598.835688,1002.467756,Yes
Praveen Ghosh,Salem,168061.59,630.098713,372625.45,32.91691988,41.1884535,FALSE,3476.990127,2865.899431,No
Krishna Thakur,Bhubaneshwar,843370.74,603.3220622,194317.31,2.970987669,44.37792838,FALSE,2474.651327,2235.863152,Yes
Krishna Reddy,Kanpur,508439.72,331.7602946,365351.29,3.093863901,44.615046,FALSE,666.4128081,2693.283017,No
Divya Verma,Jaipur,409139.78,623.3835946,134146.95,0.980359073,25.4002416,FALSE,4749.763606,2197.529275,No
Vihaan Iyer,Gwalior,662175.69,371.2544875,189266.25,9.117592496,53.81775607,FALSE,3424.724127,2862.947536,No
Vihaan Kumar,Delhi,183757.98,523.1227598,193736.55,23.93837737,55.40475698,FALSE,5135.389736,1903.475875,No
Vihaan Mishra,Aurangabad,273171.27,539.203547,419527.48,20.73014672,53.80644143,FALSE,2066.896849,2785.474696,No
Sneha Nair,Vadodara,863270.83,747.9412421,74483.65,22.54206533,79.75792406,TRUE,2250.862073,1421.479181,Yes
Sanjay Menon,Gwalior,480510.03,642.8082883,150066.9,31.18372534,66.29934328,TRUE,2765.433042,1841.647913,Yes
Arjun Patel,Guwahati,189210.42,531.9665303,68930.84,18.93109824,50.86151422,FALSE,1365.496907,1548.359842,No
Meera Das,Kochi,419367.74,531.4717938,479197.34,34.70039843,35.89195627,FALSE,2348.308527,1438.280059,No
Naveen Menon,Noida,574656.11,312.0167,421734.87,4.941163985,30.65707616,FALSE,2935.934817,1383.687584,No
Aditi Gupta,Aurangabad,1142681.11,491.0156373,479377.71,0,10.13658973,FALSE,1552.663386,1271.697441,Yes
Sneha Gupta,Meerut,480641.65,420.7497715,153930.02,27.83844066,44.43527003,FALSE,5244.898096,1980.421957,No
Vikram Joshi,Kanpur,301794.5,322.7431854,443117.47,12.42982603,48.92354168,FALSE,3182.364408,1690.747606,No
Meera Gupta,Delhi,951137.74,332.0174746,349106.81,23.04539295,49.7670804,FALSE,4022.727794,2823.874938,No
Vikram Yadav,Dehradun,462001.86,774.1503494,32057.25,1.023297023,61.37517131,TRUE,4440.985344,753.3265867,Yes
Aarav Bose,Jaipur,1160046.91,303.4322289,189038.19,35.2452822,50.91935531,FALSE,5202.707917,476.7437471,No
Sai Patel,Kanpur,1145888.19,816.3887987,374195.06,8.850730375,80.90745087,TRUE,3964.260968,924.9443752,Yes
Praveen Reddy,Chandigarh,651963.94,421.2505338,425826.24,17.93449591,51.70588338,FALSE,5019.840478,560.1143075,No
Karthik Mishra,Delhi,264958.49,833.3690217,201279.43,15.84392367,87.65574969,TRUE,4536.530273,791.3162624,Yes
Naveen Ghosh,Tiruchirappalli,157880.17,337.3670211,389166.39,38.80733336,52.82753264,FALSE,1076.758461,2492.775578,No
Meera Tiwari,Rajkot,701102.71,530.5967339,230769.57,9.284059868,39.04278066,FALSE,1621.783328,890.6735464,No
Divya Bose,Kolkata,989789.5,538.9220323,469636.58,35.24868459,35.73197548,FALSE,2308.307125,1473.018324,No
Ananya Kumar,Bhubaneshwar,724029.34,786.4355269,207703.11,23.57726816,73.29391897,TRUE,4409.77616,2448.94615,No
Karthik Rao,Indore,589753.66,710.4080122,339122.34,4.91993242,55.05166324,FALSE,3001.012621,2129.398357,Yes
Sai Gupta,Hubballi,525398.47,659.3769082,234065.16,13.27962834,58.85077098,TRUE,2046.666193,1029.242056,Yes
Sai Ghosh,Tiruchirappalli,172509.69,717.5243726,314259.58,28.79427084,80.58426812,TRUE,1283.421622,1991.835848,Yes
Vikram Gupta,Ranchi,560925.53,671.6139508,306360.2,39.61946871,50.93158316,FALSE,3126.512775,1145.300601,No
Vikram Ghosh,Kochi,349577.49,364.0105766,127144.26,37.02172319,53.43328474,FALSE,4168.233831,2849.751295,Yes
Ananya Sharma,Nashik,641376.95,721.7244708,114545.77,27.53779473,59.60394868,TRUE,3596.567141,1748.090317,No
Aarav Joshi,Ranchi,614106.93,587.2780405,180094.29,21.02159441,55.33809293,FALSE,1674.913885,392.5973231,No
Naveen Nair,Vijayawada,432842.9,567.7484621,480583.87,16.28694587,24.8727308,FALSE,4564.966208,646.9760892,No
Meera Nambiar,Bhubaneshwar,920158.37,718.7914648,297658.09,35.83272107,81.60597036,TRUE,3120.336839,226.1624636,Yes
Tanvi Bose,Guwahati,665806.43,466.1771321,482638,16.95811891,24.37844796,FALSE,4098.135512,3382.033356,No
Rajesh Reddy,Vadodara,766965.97,569.514944,485822.74,27.75840579,60.72122988,TRUE,3568.235039,608.7755744,No
Arjun Joshi,Aligarh,427293.09,343.5712786,43565.91,13.94824453,59.43066357,TRUE,866.2545926,448.3437449,Yes
Sai Sharma,Lucknow,173385.63,748.1982011,482334.58,7.02773444,90.60402061,TRUE,4011.379999,396.555855,Yes
Meera Das,Kozhikode,504798.64,596.3372459,413864.17,36.26163252,39.57570854,FALSE,1534.195127,2713.461086,No
Riya Sharma,Vijayawada,926977.78,760.9031833,72538.3,5.166832196,81.96619408,TRUE,1300.646054,1461.49791,Yes
Karthik Bose,Ranchi,733868.07,355.4943472,54961.42,2.02856466,38.55483887,FALSE,3142.117015,731.9734737,No
Vihaan Pillai,Aligarh,313762.92,349.8179145,287357.36,33.03410285,49.99962551,FALSE,2857.846515,3216.519926,No
Rajesh Nair,Ahmedabad,1183419.37,492.0949149,137452.49,32.49972532,59.92161461,TRUE,2879.82366,1314.190002,No
Meera Chatterjee,Vadodara,592426.97,572.6900818,422973,20.31243418,50.75892617,FALSE,1696.715754,478.1158427,No
Tanvi Ghosh,Thiruvananthapuram,243434.98,750.7806586,449939.63,8.840674659,42.18421712,FALSE,1400.30043,2017.970552,No
Vihaan Sharma,Nashik,209018.38,775.7708742,278741.94,32.58139215,60.46636154,TRUE,2913.957311,1188.573109,Yes
Tanvi Thakur,Aligarh,191016.85,335.4260588,351044.69,17.80300425,35.29829472,FALSE,4812.899615,2666.305066,No
Praveen Joshi,Kochi,1146926.3,453.3405468,175347.44,18.26276418,61.2010713,TRUE,2003.908937,967.6608434,Yes
Aditya Reddy,Rajkot,569624.43,658.1991406,148755.74,34.37864414,60.98549981,TRUE,480.4408387,548.6048207,No
Naveen Singh,Madurai,339499.63,770.805727,75397.99,20.78273285,80.98364952,TRUE,3795.363563,628.3668888,Yes
Krishna Thakur,Patna,355501.96,850.7674052,493569.94,4.048493908,85.06358684,TRUE,3055.911355,456.2495538,Yes
Aarav Iyer,Mumbai,1112851.71,572.6072988,374221.36,9.049385465,72.39711498,TRUE,805.0505273,762.8607994,Yes
Ishita Patel,Thiruvananthapuram,706745.96,757.6433407,300142.26,19.05263037,82.58729617,TRUE,2708.992308,737.577882,Yes
Tanvi Bose,Bengaluru,833875.06,420.8530414,153605.92,21.07363037,46.64182945,FALSE,572.6322571,1898.218428,No
Sanjay Thakur,Hubballi,1038210.52,748.0609391,403652.67,5.035463799,59.21080705,TRUE,1041.203378,1467.360415,Yes
Rakesh Reddy,Ahmedabad,657158.02,381.2486167,475768.86,9.828041268,40.62591413,FALSE,3804.605216,2899.311849,No
Aditi Rao,Delhi,436629.2,561.7032273,139652.82,0,38.6849631,FALSE,919.0701257,2078.622652,No
Krishna Mishra,Gurugram,1184895.42,540.3136692,27280.35,4.94948581,48.93050625,FALSE,2346.394391,1939.31455,No
Vihaan Kumar,Hubballi,879897.12,310.8887006,237677.22,27.0840408,24.60353536,FALSE,4419.508347,918.976342,No
Ishita Singh,Vijayawada,507904.33,738.9117891,185061.34,28.65301083,79.59044364,TRUE,2719.263424,626.0878984,Yes
Rajesh Patel,Bhubaneshwar,827233.17,706.2354043,32049.68,37.77439694,79.88706024,TRUE,554.6429221,1123.076755,Yes
Sneha Yadav,Kanpur,820493.3,733.866362,238825.28,40.07511666,51.70871875,FALSE,3569.947051,2926.773446,No
Aditi Reddy,Indore,568950.49,573.5122842,384130.82,0,30.25769353,FALSE,2820.386755,1936.755866,No
Sai Nambiar,Rajkot,183669.54,358.4527507,227806.27,28.22065986,35.22219417,FALSE,1850.684736,1987.126395,No
Riya Chatterjee,Delhi,478924.75,626.6574872,343174.85,29.43031491,74.98922218,TRUE,1318.002508,1745.457539,Yes
Rakesh Jain,Vadodara,669628.23,361.0699186,443944.95,18.21542955,34.0789151,FALSE,3566.727647,2605.890157,No
Sneha Pillai,Jamshedpur,506867,798.6683015,185026.36,16.7598264,74.12996949,TRUE,2526.052138,237.0348394,No
Sai Menon,Rajkot,279395.82,538.6120064,142710.79,24.39733526,45.39380468,FALSE,4513.357777,1273.444697,Yes
Rakesh Singh,Bhubaneshwar,331042.96,582.5985468,133318.98,16.65274233,41.08516867,FALSE,3808.800534,2775.2944,No
Sneha Pillai,Mumbai,256142.37,732.1699373,477558.3,31.37568651,66.35433998,TRUE,2960.283493,1569.612142,Yes
Sanjay Ghosh,Patna,403818.4,696.0444677,185153.82,3.069228698,77.50601762,TRUE,1913.900778,1769.450727,Yes
Ishita Nair,Ranchi,469078.05,477.7988209,39393.21,30.10147711,34.95000468,FALSE,4902.477265,1749.149831,No
Krishna Joshi,Guwahati,1063567.54,550.3474456,130336.25,24.18512185,60.52883921,TRUE,735.2445676,1953.702397,Yes
Aditi Patel,Vijayawada,969420.67,525.1971674,226693.55,40.24700114,54.64689321,FALSE,4640.241395,508.1792359,No
Meera Pandey,Mangalore,1035653.08,634.1745849,70861.66,8.161215363,55.71544877,FALSE,1355.308944,2827.096392,No
Priya Gupta,Raipur,1024127.61,808.848659,496511.9,21.59989393,73.20531208,TRUE,3357.659675,2485.278412,No
Meera Verma,Amritsar,255724.84,446.8059547,280464.74,10.91163381,44.95017163,FALSE,1604.75619,341.1863254,No
Rakesh Singh,Aligarh,862284.57,704.6949752,273991.63,1.039911661,49.8486798,FALSE,2636.77409,293.0231505,No
Naveen Rao,Tiruchirappalli,786344.9,796.1491704,254818.87,20.24716093,106.3426925,TRUE,3781.954106,581.5514321,No
Ananya Pillai,Mangalore,611858.8,670.8660664,199069.15,17.64930538,75.72837205,TRUE,2609.233055,1019.90325,No
Meera Das,Kolkata,1036761.5,446.2702931,407138.86,9.880246326,53.90899536,FALSE,694.683527,2984.117079,No
Riya Mishra,Tiruchirappalli,897022.84,840.604881,316623.54,6.09522273,86.46957701,TRUE,1737.169389,366.4002363,Yes
Naveen Kumar,Kanpur,875109.33,745.2367791,264967.5,27.98001117,77.3434191,TRUE,1264.747133,2040.754491,Yes
Sanjay Patel,Mysuru,391773.67,587.6695721,32879.98,14.8832244,58.41312813,TRUE,535.1181091,2487.735003,Yes
Rakesh Mishra,Gwalior,483703.28,780.431388,86177.18,7.912848803,60.79166911,TRUE,3277.33839,2450.576464,No
Rajesh Tiwari,Lucknow,391923.56,612.7460891,192404.32,9.183125195,56.54744932,FALSE,3431.931805,2419.799915,No
Arjun Kumar,Vijayawada,914901.09,827.8735439,254480.68,32.62138637,99.60775714,TRUE,2879.112689,1733.361429,Yes
Aarav Pandey,Mumbai,530804.41,374.5370579,130389.59,8.823785428,54.3030348,FALSE,3457.249454,2867.464854,No
Divya Gupta,Vijayawada,894024.2,620.337298,121942.91,6.823094806,65.36874312,TRUE,2647.803626,1846.724629,No
Naveen Pandey,Guwahati,533480.95,679.3551464,56896.21,10.0364405,83.7129075,TRUE,3920.040531,1098.591681,Yes
Vihaan Nair,Kozhikode,745037.74,465.4736246,463475.58,41.42959209,35.45821998,FALSE,1774.890796,1877.439505,No
Pooja Pillai,Rajkot,659055.27,688.6617123,248324.41,23.75182383,82.39314924,TRUE,2952.518588,1799.863682,Yes
Tanvi Bose,Nashik,354373.85,743.774839,281551.83,33.90808113,76.07170427,TRUE,3843.674334,1305.289872,Yes
Divya Reddy,Hyderabad,1176557.84,752.6864116,216408.92,39.35038414,88.34544159,TRUE,4463.421206,1013.962505,Yes
Rajesh Patel,Kochi,571756.99,564.3503255,407136.24,8.09476675,45.82909191,FALSE,5081.826773,2026.205461,No
Krishna Gupta,Meerut,330039.85,330.0948852,494800.5,6.821280509,46.31307684,FALSE,1279.949972,1810.935719,No
Ishita Rao,Vijayawada,608926.96,333.3105957,461066.84,27.94373374,55.94549802,FALSE,2722.697289,1265.753961,No
Vikram Rao,Visakhapatnam,664795.05,613.5027657,57162.21,33.53761869,77.21137036,TRUE,3816.65543,928.8176497,Yes
Aditi Tiwari,Mysuru,1107138.26,337.0310961,25558.2,20.59422883,56.09609184,FALSE,4430.091249,2005.007717,No
Rakesh Iyer,Visakhapatnam,594006.42,346.4737611,332265.49,23.11543262,24.66129988,FALSE,4599.952393,3169.472321,No
Aditya Sharma,Pune,637066.35,630.464566,379651.94,22.87870501,61.42449282,TRUE,923.6112543,837.1727195,No
Divya Nambiar,Madurai,871301.29,578.7990431,459058.45,32.25299816,50.70894225,FALSE,4941.460604,1436.1708,No
Sai Nair,Amritsar,1110661.21,486.9511349,228620.23,25.12956804,50.62443759,FALSE,2067.437548,2052.67147,No
Priya Iyer,Lucknow,356917.8,592.3479077,68629.73,6.069663758,34.83741966,FALSE,1515.389775,2365.735543,No
Naveen Das,Gurugram,213576.04,783.8395934,276232.14,3.960318029,49.78455946,FALSE,1597.765244,1775.363189,No
Karthik Verma,Aurangabad,937312.69,814.8995313,271349.1,15.70774326,91.43030118,TRUE,4600.556933,815.3016878,Yes
Divya Thakur,Salem,1141847.69,537.8353256,184233.57,7.176942355,50.08757791,FALSE,824.3831791,1796.236055,Yes
Meera Pillai,Hyderabad,996371.97,713.4137276,359450.42,6.012249428,70.22501922,TRUE,3849.523095,2045.787225,Yes
Divya Jain,Coimbatore,507099.04,751.3345726,161283.45,34.43797378,84.37134502,TRUE,1171.473795,1015.180299,No
Aditi Sharma,Jamshedpur,418516.45,766.0924486,150083.27,33.51783505,88.57730809,TRUE,1490.720166,2010.299264,No
Priya Ghosh,Delhi,163378.4,652.34913,67307.92,38.16948362,64.67740539,TRUE,1688.921696,1392.717177,No
Divya Menon,Coimbatore,608359.24,750.3994901,376014.09,13.15737028,84.14928398,TRUE,4479.486687,1324.879172,Yes
Arjun Mishra,Hyderabad,804521.38,526.2674203,44765.24,22.0013114,39.06731798,FALSE,2928.997941,1215.204823,No
Sai Pandey,Mangalore,1064661.17,522.6762446,33039.04,21.7709642,24.72538278,FALSE,4512.523426,1498.626438,No
Riya Sharma,Jodhpur,368749.39,717.9378809,122021.04,23.13013334,60.10675285,TRUE,3178.796835,660.3721463,Yes
Ishita Pandey,Kozhikode,609627.18,586.2833015,232838.88,38.48279368,54.94136922,FALSE,1735.984793,2517.525844,No
Sai Nair,Gwalior,967736.52,494.4767174,409214.41,19.7640994,39.20465335,FALSE,4337.273936,2918.950171,No
Tanvi Yadav,Srinagar,285498,577.3005624,435787.75,3.958510926,45.21936027,FALSE,1547.957812,3281.170929,No
Ananya Tiwari,Shimla,755598.3,552.9528288,49250.09,31.14202069,34.75640206,FALSE,2443.545871,3422.242341,No
Praveen Kumar,Varanasi,715197.16,460.7926861,160719.99,3.987557389,29.8962969,FALSE,1435.881965,3034.819147,No
Praveen Chatterjee,Noida,479438.96,809.8598569,244689.82,19.56497505,89.64349471,TRUE,4400.131834,1181.740048,No
Sanjay Das,Vadodara,457796.92,493.6160709,209646.15,38.03240904,34.4266075,FALSE,3188.362711,2406.795686,No
Sai Patel,Thiruvananthapuram,1131054.17,768.8306094,84929.23,38.83220619,60.36599863,TRUE,4346.150992,325.7310259,No
Sneha Verma,Varanasi,242950.14,708.7928163,411067.21,24.71549296,60.02249732,TRUE,1720.895552,2564.72115,Yes
Karthik Sharma,Agra,562315.59,480.8094696,295755.48,0,43.05913365,FALSE,1337.389132,3246.424968,No
Priya Sharma,Jamshedpur,271165.45,369.5882046,221096.91,23.81760585,55.18097393,FALSE,3311.723677,602.3539557,No
Rajesh Sharma,Mangalore,695745.37,555.9092181,284916.37,20.30163732,55.90986922,FALSE,3442.202701,338.8868321,No
Sanjay Ghosh,Ranchi,423710.76,725.8594311,293109.28,22.07398794,89.93842065,TRUE,1679.43123,1889.888182,No
Sai Mishra,Meerut,458985.07,753.5147302,230928.41,16.90715796,84.90411863,TRUE,3385.54659,444.4237159,No
Aarav Jain,Bengaluru,852990.75,387.23866,205811.73,29.60586143,48.50216382,FALSE,2188.188836,3044.037402,No
Ananya Pandey,Kanpur,1122613.39,341.9721741,191537.01,22.05070763,24.9270185,FALSE,1122.649657,1285.660941,Yes
Karthik Joshi,Ahmedabad,1027843.15,475.5939337,290336.31,38.18450421,50.3260837,FALSE,2504.255054,3171.164232,No
Tanvi Gupta,Kozhikode,1028448.88,352.7793487,469634.72,21.5506802,61.3569333,TRUE,2801.461548,2222.473719,Yes
Tanvi Ghosh,Coimbatore,696569.25,486.600596,52110.11,22.37939259,38.74005729,FALSE,1052.295094,1447.846504,No
Priya Bose,Coimbatore,963966.25,772.2134338,379586.86,33.66256138,92.61307966,TRUE,2989.966933,2018.14186,Yes
Sanjay Pillai,Gwalior,1002252.43,717.2933948,397200.15,0,49.80191245,FALSE,1407.245781,2997.574462,No
Meera Jain,Vadodara,828880.67,549.3998586,475694.1,29.529663,34.41251324,FALSE,897.3417186,674.5906797,No
Ishita Singh,Surat,701115.75,724.4451072,362607.8,31.57695489,84.67185985,TRUE,2237.115192,1105.985835,No
Priya Bose,Tiruchirappalli,478803.4,665.7456354,330266.44,3.06254239,30.21316771,FALSE,2979.552663,2879.639615,No
Ananya Sharma,Vijayawada,239537.5,441.9885213,69247.18,40.38920862,35.57567212,FALSE,746.2276119,2384.358357,No
Vihaan Tiwari,Kanpur,846752.22,689.5823732,289179.09,3.036513008,59.14944975,TRUE,3469.877658,628.6967402,Yes
Vikram Gupta,Jodhpur,1152592.01,546.0120648,268384.8,8.853795127,34.12984415,FALSE,2890.015164,2704.999158,No
Priya Tiwari,Gwalior,947334.13,761.3144039,188894.27,31.0239807,89.72998345,TRUE,3464.111922,900.0003987,Yes
Divya Rao,Bhubaneshwar,213564.22,623.0799624,456032.43,6.976625079,43.46749989,FALSE,3617.230322,2164.705381,No
Naveen Gupta,Noida,973341.06,446.5729708,443040.5,16.25535149,40.61442618,FALSE,3083.204418,1715.324873,No
Praveen Joshi,Mumbai,1034013.14,528.693471,274553,39.0516895,53.98546572,FALSE,3921.61836,774.8871046,No
Tanvi Joshi,Noida,859762.24,386.3417812,313139.07,28.32221095,48.91440842,FALSE,3837.712486,1064.697307,No
Pooja Mishra,Udaipur,214766.83,838.6949814,266598.78,14.04573959,85.02572247,TRUE,1332.098877,2498.174927,Yes
Vihaan Patel,Udaipur,967431.1,573.2903394,189767.57,19.90266301,24.66088345,FALSE,2263.570848,758.4799026,No
Sai Joshi,Udaipur,216614.82,674.2009823,131271.48,22.59879694,39.51615999,FALSE,3567.09595,2712.529488,No
Sai Joshi,Meerut,1002333.99,420.3846954,472766.22,8.096865855,30.23106338,FALSE,552.7458536,2272.221857,No
Sanjay Nair,Nagpur,168303.44,309.4017128,354738.26,25.17874551,24.90016186,FALSE,1331.344027,2749.341211,No
Rajesh Yadav,Pune,961303.73,798.5741397,421017.68,6.725609226,51.81416488,FALSE,1026.233181,1472.197884,No
Sneha Ghosh,Delhi,683709.84,553.0478631,126513.92,4.930880887,29.50121291,FALSE,2879.502551,2144.105046,Yes
Priya Iyer,Gwalior,529601.45,667.1896243,421360.47,21.92943105,40.61165714,FALSE,5090.066253,933.610875,No
Aditya Singh,Surat,1119478.37,823.7518855,431614.51,12.05164156,94.3402648,TRUE,470.8406458,1849.766103,Yes
Rajesh Yadav,Kolkata,796492.42,338.8097721,110856.9,23.2410313,24.2982808,FALSE,2846.366966,3118.681446,No
Meera Mishra,Aligarh,268437.97,662.1095141,463781.51,37.01853265,40.50027457,FALSE,5088.676312,856.0137992,No
Riya Kumar,Patna,773580.43,712.5730327,306848.59,4.978511108,73.53425065,TRUE,2555.247406,1861.720247,No
Ishita Joshi,Ranchi,1076480.81,625.4170028,108165.07,11.8889838,68.90147138,TRUE,1779.123327,1763.214663,No
Arjun Verma,Vadodara,1092026.92,711.4264143,27997.92,12.38958225,51.00870241,FALSE,2805.203868,991.077441,Yes
Meera Kumar,Madurai,1043704,315.3050678,249904.76,5.921795358,29.55164633,FALSE,3545.2067,3093.327352,No
Arjun Gupta,Aligarh,1087924,636.0271812,419724.24,29.2258322,64.35204458,TRUE,3200.365117,1988.084461,Yes
Sai Das,Aligarh,1153878.94,425.101027,215714.26,4.156081255,34.1069422,FALSE,960.267048,410.7287154,No
Krishna Singh,Madurai,1070432.77,711.0856798,299377.09,29.45638628,73.65442628,TRUE,3491.175447,2136.904998,No
Praveen Nambiar,Jodhpur,519147.2,621.0339468,264520.74,18.44986495,44.88210228,FALSE,1264.422997,2183.923982,No
Aditi Yadav,Jodhpur,478250.08,318.0498936,195403.06,30.94735281,55.12771208,FALSE,3967.350975,1026.550614,No
Sneha Das,Hyderabad,209380.24,539.5430647,382975.78,35.71224073,50.46173289,FALSE,5848.684493,2504.776584,No
Arjun Singh,Varanasi,399555.1,462.532393,214076.98,20.62032416,57.39960369,TRUE,3848.788542,387.0754653,Yes
Rakesh Sharma,Patna,948110.32,460.4786492,207859.83,13.28406569,48.33110459,FALSE,5186.589165,1176.785958,No
Pooja Yadav,Madurai,840176.8,300.3455557,111722.27,27.98629216,25.7567732,FALSE,4330.179043,902.0818161,No
Karthik Tiwari,Ranchi,733776.02,769.7653424,160476.11,21.27182504,73.88953969,TRUE,1395.045531,1678.581278,No
Ishita Singh,Tiruchirappalli,1154864.81,779.9156691,72201.46,3.989980251,51.60007792,FALSE,1633.468543,1785.936251,No
Aditya Tiwari,Jodhpur,1170204.07,829.3936474,271344.54,33.52471863,91.51542153,TRUE,1554.009038,1725.437024,Yes
Sneha Das,Surat,426654.83,422.7260278,347495.62,35.45625753,40.08140304,FALSE,2855.417654,3105.122604,No
Rajesh Nambiar,Delhi,853171.76,549.026974,75200.4,20.58633435,50.10821131,FALSE,5243.968819,1679.444332,No
Praveen Thakur,Kochi,868668.11,446.4398683,279266.09,7.59668334,48.7641876,FALSE,1223.32358,1602.536079,No
Tanvi Sharma,Vadodara,241205.11,736.246397,463528.18,12.98232878,95.62117063,TRUE,2050.716584,2508.216943,Yes
Rakesh Patel,Vijayawada,837264.55,456.7105823,489323.59,9.473721807,49.06417061,FALSE,2873.959115,1163.85294,No
Riya Iyer,Bengaluru,1174063.79,516.339453,301718.89,20.16026276,39.27017674,FALSE,4888.533264,683.4596488,No
Rajesh Thakur,Srinagar,705762.84,822.1739812,395393.65,33.82857356,79.39424218,TRUE,2214.605231,1925.086007,Yes
Krishna Sharma,Madurai,660001.13,404.8836332,144067.75,8.957425983,49.42769196,FALSE,4828.476136,2033.659659,No
Aditi Thakur,Bhopal,202627.25,597.5279563,309110.29,38.79063658,65.72389729,TRUE,537.5388932,2111.63024,No
Naveen Pandey,Srinagar,492565.73,703.8916644,90361.68,16.83543144,69.37856931,TRUE,3144.303861,2157.994845,Yes
Tanvi Mishra,Vijayawada,539655.26,600.2712478,42752.14,40.58545456,74.96009428,TRUE,3763.312786,2129.452274,No
Karthik Das,Indore,906085.48,654.0860544,74025.52,14.76059308,64.00230051,TRUE,1869.199526,777.4564967,Yes
Sneha Iyer,Hyderabad,1180784.54,459.7012302,176941.11,13.55450474,58.52362504,TRUE,1679.145057,1767.185128,Yes
Vihaan Reddy,Amritsar,1033079.2,802.5392373,301104.28,14.215568,92.0310398,TRUE,3744.796233,1284.227624,No
Divya Singh,Chandigarh,1052520.3,347.2327392,450363.17,13.80896836,54.29467067,FALSE,2820.155229,2798.541126,No
Vikram Das,Patna,370693.6,842.8232837,74247.46,40.42779476,81.17070682,TRUE,677.6005091,239.8480186,Yes
Priya Patel,Dehradun,412722.53,796.5788441,320809.88,36.57417078,81.14440325,TRUE,2254.829344,2406.108947,No
Ananya Tiwari,Bengaluru,1062623.73,824.8276874,461180.03,11.70841423,96.10230773,TRUE,484.0624049,1852.518114,Yes
Rajesh Tiwari,Chandigarh,1016644.23,363.5139667,251107.41,41.66333596,45.7028158,FALSE,1225.569507,872.2609679,No
Aditya Yadav,Indore,453236.89,501.3197053,284823.08,0,45.58716159,FALSE,1345.508847,3101.411133,No
Pooja Reddy,Kochi,307180.7,478.1496007,412508.67,8.934771543,40.1893688,FALSE,3476.476702,557.2673069,No
Aditya Patel,Nashik,448668.63,703.2357156,82019.18,28.41670516,85.01357571,TRUE,4043.655009,2378.155767,Yes
Praveen Rao,Kolkata,807920.38,721.7744304,121181.32,8.133764663,84.24552003,TRUE,2975.753326,2173.37834,Yes
Priya Das,Mumbai,279335.2,470.4258118,226239.53,31.5310814,34.74604903,FALSE,4852.850563,1776.81973,No
Naveen Gupta,Varanasi,337341.36,298.4150367,234228.94,35.68904706,58.84423841,TRUE,2571.547092,1481.947819,Yes
Tanvi Ghosh,Mumbai,198086.86,825.0077492,252060.3,27.15959786,80.8333322,TRUE,2865.499887,413.4713862,Yes
Tanvi Patel,Delhi,642612.63,669.8425732,270439.29,4.164472492,54.41164053,FALSE,1989.338602,929.8230271,No
Meera Joshi,Varanasi,908432.91,555.4425826,203342.88,8.255336768,40.71061186,FALSE,3231.441258,688.5408892,Yes
Meera Joshi,Jamshedpur,189336.67,668.3302321,436854.46,18.31556068,70.64769203,TRUE,527.8969622,1337.912962,Yes
Karthik Tiwari,Kozhikode,636344.93,840.594688,495441.04,5.955948691,86.32340483,TRUE,633.06842,773.8350962,No
Ananya Mishra,Kochi,516607.51,656.2044112,24400.92,18.84818342,38.91962497,FALSE,1671.737389,2955.009941,Yes
Karthik Joshi,Varanasi,624652.18,836.0539526,126200.03,8.192735432,59.10460121,TRUE,632.442333,1605.995406,Yes
Ananya Chatterjee,Kochi,873754.53,848.6514085,148684.51,3.951548715,63.95461826,TRUE,3042.402049,1607.437623,Yes
Sneha Reddy,Noida,1059439.04,407.0867426,55705.84,9.920361717,49.39487175,FALSE,1443.318335,412.4382903,No
Sanjay Thakur,Indore,562686.14,453.4598227,76955.05,34.0067078,24.94742501,FALSE,3710.774947,2726.019611,No
Krishna Pandey,Thiruvananthapuram,891178.07,289.5422709,164649.71,10.81301354,24.71315439,FALSE,3189.080404,2375.794246,No
Ishita Chatterjee,Bengaluru,588515.24,581.4440563,138270,8.867737527,29.58874423,FALSE,3961.615526,1548.14912,No
Rajesh Tiwari,Kolkata,1036315.7,453.1173196,238869.77,35.1766775,55.89429523,FALSE,4975.158033,582.1962232,No
Aarav Joshi,Salem,709236.72,602.501955,394513.91,38.33182168,69.49035943,TRUE,4164.934037,2047.80235,Yes
Sanjay Iyer,Rajkot,440466.45,786.6428889,291514.66,36.71266932,83.56325348,TRUE,3509.681476,1226.072747,Yes
Karthik Reddy,Varanasi,724830.23,625.3160903,265690.22,5.932407992,70.10006606,TRUE,3248.773623,2326.878436,Yes
Sanjay Sharma,Madurai,161253.61,537.8637903,202587.62,0,40.83244283,FALSE,931.4437476,2096.926615,No
Arjun Singh,Tiruchirappalli,167666.14,520.6681234,96742.6,35.8146847,51.44328316,FALSE,5736.620447,2566.401,No
Vikram Pandey,Bengaluru,570075.78,302.0357553,252309.46,33.99558277,58.48520894,TRUE,2613.382687,1439.392082,Yes
Rohan Kumar,Jaipur,1067463.05,621.1550412,260625.43,8.758992797,60.53549104,TRUE,2211.376236,1911.865966,Yes
Divya Gupta,Mumbai,883313.85,458.177275,38390.48,25.94894741,61.4603402,TRUE,1780.58717,2043.509873,Yes
Ananya Nambiar,Kochi,603366.11,746.0354881,136551.66,23.70605999,90.00497764,TRUE,3398.278125,2235.42341,Yes
Rajesh Tiwari,Tiruchirappalli,890939.11,533.9013573,347984.55,7.976655282,50.02907716,FALSE,1572.005492,975.2961615,No
Ananya Sharma,Bengaluru,796488.28,383.5600995,147973.24,39.27147591,56.37839012,FALSE,1163.300729,592.1089426,No
Ananya Joshi,Varanasi,915300.04,784.8644107,212689.13,27.79569523,78.91402251,TRUE,1587.858083,526.4440173,Yes
Aditya Nambiar,Gurugram,998770.8,472.1940826,370098.76,34.95687521,24.30102885,FALSE,5255.085109,1812.180137,No
Tanvi Verma,Meerut,246786.21,430.8535819,140852.95,0,25.48610968,FALSE,4753.968924,2655.726554,No
Tanvi Rao,Madurai,850123.69,458.0754605,476407.3,18.75721058,34.54884391,FALSE,2273.332009,1333.100288,No
Naveen Nambiar,Tiruchirappalli,600272.68,449.5969569,57444.31,14.68664289,56.84279832,TRUE,842.3349074,1627.733477,No
Rakesh Pillai,Raipur,543189.23,344.4354459,409344.86,27.33940698,54.45362247,FALSE,4267.301575,1616.767616,No
Priya Kumar,Vijayawada,477370.34,801.4756767,487986.17,11.02587136,86.44091536,TRUE,464.882227,2364.086692,Yes
Praveen Reddy,Mangalore,633138.77,820.6139873,44849.61,14.01270201,65.39032885,TRUE,2206.65123,2636.197993,Yes
Ishita Pillai,Agra,853652.93,520.8159098,411801.65,21.03782653,60.41917125,TRUE,2193.070012,576.7723035,Yes
Meera Das,Hyderabad,940559.3,522.7450757,187689.26,4.880081226,29.72084025,FALSE,4029.735751,2167.111482,No
Sai Sharma,Pune,588025.07,706.6254383,219356.68,36.7775493,75.19241117,TRUE,2269.357978,424.8787185,Yes
Riya Rao,Gwalior,898951.76,777.4447818,369679.25,7.923419364,60.32689244,TRUE,3435.966253,2429.507526,No
Pooja Chatterjee,Salem,1025221.84,787.2515791,439989,22.99454077,76.41971986,TRUE,4521.515908,2466.684835,No
Tanvi Nambiar,Nagpur,842685.22,820.9549951,217008.59,20.57430937,88.64822986,TRUE,713.9723389,1615.378498,Yes
Krishna Reddy,Kochi,822006.22,395.0386112,426672.82,0.983733348,35.45472944,FALSE,1443.029579,2588.812518,No
Tanvi Pandey,Mysuru,735146.37,465.5437654,243023.62,18.23065358,60.59965501,TRUE,4183.78751,2305.978296,Yes
Rajesh Pandey,Hyderabad,471168.65,729.9569987,246334.08,35.98796914,91.53199491,TRUE,2681.941786,661.7282702,Yes
Sanjay Menon,Aurangabad,475117.17,322.9359505,165787.36,37.2630727,25.44749431,FALSE,3513.015385,3066.05597,No
Pooja Sharma,Ahmedabad,183397.25,390.5376961,131141.21,23.3228618,59.68495741,TRUE,3022.897169,336.1006765,Yes
Riya Menon,Thiruvananthapuram,827843.44,711.4914162,281886.72,41.6181394,88.42731863,TRUE,2938.108083,356.7912556,Yes
Meera Singh,Surat,796070.02,617.1386519,284334.28,25.09794646,49.94823608,FALSE,2795.565742,1407.923959,No
Ishita Reddy,Surat,410452.15,789.2972919,250455.09,13.56827762,80.20600562,TRUE,659.8304898,1641.725003,Yes
Aarav Jain,Vadodara,1123575.06,655.7968514,161857.56,28.40767637,58.7869776,TRUE,2995.484067,1359.635636,Yes
Aditya Patel,Udaipur,508637.75,596.2030596,108129.22,40.77389811,48.89977536,FALSE,3181.872403,2092.01342,No
Sneha Tiwari,Meerut,586607.1,413.2974944,164250.01,36.40266834,24.78753216,FALSE,4354.738261,981.7673839,No
Sanjay Menon,Amritsar,343656.92,776.6741596,359635.73,29.06559926,83.86251557,TRUE,3696.340428,1395.453105,No
Sanjay Rao,Guwahati,1123307.15,310.2228808,494607.1,19.71279519,59.54451887,TRUE,2556.102143,1053.622346,Yes
Aarav Tiwari,Pune,620977.08,402.4549341,81597.29,28.19177879,49.11520399,FALSE,2248.957213,3135.835786,No
Rohan Sharma,Tiruchirappalli,310720.84,652.4177101,307479.41,24.55110355,39.77381432,FALSE,4073.955019,1766.253029,No
Ishita Sharma,Kochi,608941.79,380.5824047,370788.57,29.26737608,39.87530795,FALSE,4426.435631,3012.599765,No
Aarav Verma,Visakhapatnam,961724.26,803.4799,234152.74,24.25729374,75.0565657,TRUE,2329.107433,2323.44875,Yes
Priya Pandey,Rajkot,175822.78,556.0537905,192095.39,16.03248071,56.47283561,FALSE,4020.763233,1001.545463,Yes
Aditi Menon,Delhi,333698.92,478.1036865,448675.01,4.144189127,29.80466484,FALSE,1509.357959,3035.88389,No
Sneha Yadav,Raipur,555571.26,481.4794292,198332.75,3.967756051,48.46782801,FALSE,4319.417429,3135.099576,No
Naveen Nair,Hyderabad,763322.07,413.8055615,316733.94,17.96440718,51.3816099,FALSE,5016.275979,534.2641334,No
Aarav Mishra,Lucknow,835744.01,307.9826652,189748.59,32.35748057,55.48830604,FALSE,4293.119068,1963.444387,No
Divya Mishra,Noida,1015938.98,365.2995059,204564.92,38.26041593,49.76390693,FALSE,3386.192991,2642.040818,No
Vihaan Das,Kochi,1079019.84,791.822471,389621.42,23.61517534,75.10612859,TRUE,4439.408357,2389.309364,No
Ananya Patel,Bengaluru,657696.07,482.4516654,65630.96,31.9621457,41.02190866,FALSE,1550.117629,411.4507803,No
Praveen Mishra,Mysuru,560905.33,603.9678377,293287.18,2.972283807,30.06714663,FALSE,5266.932965,234.6069042,Yes
Sanjay Das,Mysuru,665510.97,392.0672327,404298.7,37.39223333,53.58875778,FALSE,2081.288308,2397.837642,No
Aditya Ghosh,Meerut,652898.86,761.7136663,354717.51,22.02677289,77.432309,TRUE,3647.006346,2374.08143,No
Arjun Bose,Nagpur,684654.16,519.799521,369160,13.99366602,40.30965375,FALSE,3263.930805,963.4614574,No
Riya Kumar,Mumbai,1045519.75,350.6119515,66933.57,36.13539994,31.03722673,FALSE,1724.891923,3078.737746,No
Sai Kumar,Kochi,666445.42,638.6835826,347813.69,5.960740154,62.53127614,TRUE,2320.882639,2254.880663,Yes
Sanjay Singh,Ahmedabad,393861.96,376.4973268,401412.48,12.11330405,51.61343792,FALSE,4827.908349,1120.343603,Yes
Rajesh Ghosh,Salem,835332.58,368.2507453,477142.15,27.49849999,34.755553,FALSE,3567.888597,2659.976119,No
Sanjay Reddy,Mumbai,363683.03,548.9231788,265089.97,5.91205525,39.76853507,FALSE,2752.759509,2572.068546,No
Krishna Yadav,Aligarh,930814.68,353.8900163,85149.86,39.75266566,44.62784605,FALSE,1217.655278,863.8311177,No
Aditya Chatterjee,Ranchi,702757.35,299.5811615,429458.99,12.50248895,51.06147146,FALSE,1429.837966,531.3521226,No
Naveen Sharma,Aurangabad,1018847.45,321.7793524,106311.92,8.048939067,55.81168629,FALSE,1539.909902,2339.543374,No
Sanjay Yadav,Noida,621105.59,859.4550674,357963.36,26.48278924,91.76423695,TRUE,1241.445908,2445.248218,Yes
Divya Iyer,Kozhikode,475052.27,416.3823581,65958.86,16.3870738,50.46412845,FALSE,4427.255907,1893.12434,No
Rakesh Thakur,Kolkata,759099.14,586.3868646,125342.32,38.27023382,64.81497539,TRUE,527.7953156,2159.239063,No
Meera Gupta,Hyderabad,611259.61,410.4316385,398818.34,1.976238903,45.21905598,FALSE,4469.372041,2208.617071,No
Sneha Pillai,Chennai,1098937.1,467.2801527,90648.5,22.00678917,55.64400574,FALSE,771.3998938,1345.000449,Yes
Vikram Chatterjee,Jodhpur,206974.5,499.9316558,281871.93,20.69743115,41.00512088,FALSE,4775.96509,1549.626741,No
Aarav Das,Kozhikode,823978.38,725.6384253,403139.92,33.81588416,61.05555898,TRUE,4401.09034,1575.657799,Yes
Meera Pandey,Indore,825004.5,765.0145763,250168.02,20.37714728,95.30155819,TRUE,3787.637672,565.6899754,Yes
Aditya Kumar,Thiruvananthapuram,785388.78,814.3601187,134729.46,21.4745381,94.8305344,TRUE,1125.545615,1658.900001,Yes
Aditya Rao,Dehradun,1029595.15,656.1892986,329586.52,30.35828488,67.05988103,TRUE,2684.931763,1828.392447,Yes
Rajesh Verma,Hyderabad,912128.72,850.7109149,305955.12,27.17646406,78.83460874,TRUE,2947.653085,413.862487,Yes
Priya Gupta,Jodhpur,370190.21,689.5400565,470813.94,4.058334074,68.29693164,TRUE,3743.749641,252.5044034,Yes
Meera Ghosh,Pune,543550.7,499.8812001,90104.02,23.06717325,60.5148297,TRUE,3022.580653,1995.149653,No
Divya Sharma,Hyderabad,286840.74,837.1797844,68097.13,31.60147719,63.71126025,TRUE,2283.671426,2609.988362,No
Arjun Nair,Mysuru,388241.86,785.0780638,152695.14,27.95331033,75.76359502,TRUE,2906.616355,1725.536991,Yes
Rohan Das,Udaipur,798510.61,725.2839369,293116.24,31.33198263,81.94169586,TRUE,3580.314069,350.5979072,Yes
Riya Verma,Varanasi,1036317.94,507.2096105,448409.63,22.73274988,48.59841548,FALSE,1168.501896,816.6146653,No
Priya Reddy,Ranchi,281340.27,845.3469979,170249.23,9.702294142,96.34305123,TRUE,1612.921875,1018.021326,Yes
Rohan Jain,Rajkot,167735,503.0662812,495698.45,1.054050706,10.18773195,FALSE,2831.863677,780.8782848,No
Riya Kumar,Bengaluru,290543.91,298.6836462,419045.86,15.01572282,35.47027328,FALSE,4078.993409,1616.242974,No
Karthik Nair,Udaipur,759455.93,412.9547299,137632.68,0,36.03650686,FALSE,1297.986386,2364.739388,No
Ishita Menon,Rajkot,982005.37,753.9505769,207588.38,21.18331467,93.1963888,TRUE,3229.741672,1859.128618,Yes
Aarav Bose,Delhi,204098.12,492.179911,376267.88,3.914791797,35.44602094,FALSE,2482.834111,1054.530536,No
Karthik Ghosh,Kozhikode,177154.39,479.7227202,59082.2,39.68649097,50.74706907,FALSE,2481.188774,2974.132246,No
Riya Thakur,Aurangabad,472823.71,379.5442083,175914.17,9.697258745,38.83400505,FALSE,3758.027244,2749.844782,No
Rajesh Verma,Meerut,208709.49,366.7535385,202846.34,37.59378868,56.8711893,FALSE,4290.64374,2775.82219,Yes
Ishita Nambiar,Nashik,709674.36,545.2538397,455527.09,35.02646866,34.52801719,FALSE,2335.041126,1437.520626,No
Vihaan Thakur,Lucknow,363350.12,591.5156968,390167.44,6.973458733,55.34023792,FALSE,3012.628084,1083.308178,No
Sneha Thakur,Varanasi,896801.7,294.0299232,78449.85,27.24723416,24.96410572,FALSE,2582.811356,877.840837,No
Pooja Patel,Mysuru,576649.81,306.2755893,478968.72,14.69137474,56.10980456,FALSE,2865.93623,2722.546024,No
Pooja Nambiar,Jamshedpur,983259.52,841.2181038,474070.48,25.4288099,78.62745879,TRUE,2836.664701,2024.78879,No
Sai Gupta,Mangalore,1132457.07,450.7673549,303466.13,24.53140666,49.0558805,FALSE,5046.989014,1901.949258,No
Praveen Rao,Mumbai,987636.35,515.5683807,430850.68,20.44207533,56.7119103,FALSE,3381.151896,364.8624198,No
Naveen Pillai,Aligarh,712802.72,694.6820559,156514.12,10.04238898,65.20474457,TRUE,455.0573724,381.2124775,Yes
Karthik Verma,Visakhapatnam,649559.43,512.6503928,29500.38,2.966714016,50.31240022,FALSE,2285.262304,1218.360469,No
Krishna Tiwari,Indore,653395.61,550.9165635,189956.76,24.47789273,44.9789877,FALSE,3696.511124,1931.680761,No
Sneha Bose,Meerut,1196379.09,641.0593789,21361.1,17.42080782,40.11068262,FALSE,3325.319531,2917.413711,No
Sanjay Patel,Amritsar,808982.29,815.1548146,347946.88,5.019846565,83.51707224,TRUE,2339.403793,749.1730253,No
Tanvi Pillai,Surat,620408.75,340.1668762,437791.01,36.48598264,48.67758345,FALSE,2421.148952,1780.584636,No
Rohan Nambiar,Kozhikode,1038597.18,533.0513412,211685.05,38.18189585,50.28398623,FALSE,5308.822045,757.8018594,No
Ishita Verma,Kanpur,565982.94,315.1306652,337081.89,2.025590541,15.05686524,FALSE,521.7212031,2317.664919,No
Karthik Pandey,Salem,1027441.35,538.8329789,329032.69,31.14272297,25.3408213,FALSE,3731.956155,2433.340084,No
Rohan Sharma,Dehradun,524357.85,449.6217533,215904.24,9.019191881,47.89539335,FALSE,2765.432053,1147.760879,No
Ananya Tiwari,Jodhpur,818559.82,350.6109005,455301.85,6.076326354,30.33164765,FALSE,2656.101507,331.2016244,No
Rajesh Sharma,Dehradun,607295.65,514.1544928,143652.2,26.49767545,54.72471843,FALSE,1849.207455,2016.636749,Yes
Ishita Yadav,Visakhapatnam,319405.83,521.727027,88441.73,24.6263405,50.45159373,FALSE,1612.107881,2496.812221,No
Karthik Iyer,Delhi,530902.88,804.0982757,283706.69,0,63.47936822,TRUE,2508.693648,1914.533845,Yes
Priya Patel,Rajkot,808373.47,787.4584214,146169.38,33.06030484,85.04380252,TRUE,1481.866767,653.6193805,Yes
Ananya Menon,Vadodara,1177217.48,754.8361763,374557.84,20.28124907,60.02209595,TRUE,1012.097714,1165.577867,Yes
Meera Tiwari,Rajkot,401232.63,741.3874711,464608.23,34.49910915,76.57406471,TRUE,4047.300676,222.6147528,No
Rajesh Kumar,Hubballi,468321.91,796.1069011,226053.07,38.03565041,59.4683049,TRUE,4123.884471,338.0178632,No
Ishita Verma,Pune,902343.53,669.5481803,342184.43,15.25429752,55.76440673,FALSE,671.9760607,2173.451718,Yes
Sanjay Menon,Srinagar,1090789.05,540.3854402,44403.99,7.011150949,49.37292884,FALSE,956.8712748,1858.200742,No
Naveen Bose,Patna,260982,781.4670112,488910.36,20.56353938,95.4427765,TRUE,3457.590025,1830.209955,Yes
Rohan Das,Bhubaneshwar,861164.86,688.3690223,194314.35,0,46.08411048,FALSE,1269.114247,1164.139698,No
Rohan Mishra,Coimbatore,186219.49,536.3509624,142223.93,13.91995776,43.46470765,FALSE,3607.295821,2449.50226,No
Rohan Sharma,Vijayawada,1117959.94,305.0043584,242818.14,28.49226307,36.06241306,FALSE,2916.388115,920.6410654,No
Ishita Mishra,Mumbai,963515.59,758.996437,160184.64,18.60401863,61.36318043,TRUE,1727.025954,382.6243909,Yes
Rohan Kumar,Guwahati,699358.73,526.6810951,193588.93,38.48202197,45.32152633,FALSE,3695.197641,2441.077642,No
Krishna Das,Srinagar,1138574.46,828.6503392,83890.29,38.01160963,66.28544353,TRUE,1444.667296,221.9338382,Yes
Rajesh Nambiar,Lucknow,403303.65,755.4869617,277912.31,19.5126385,61.61339692,TRUE,2001.717599,1221.408337,Yes
Sanjay Thakur,Noida,565513.18,746.2181957,450355.64,8.940690245,70.9016385,TRUE,2330.197979,1313.22863,Yes
Meera Jain,Tiruchirappalli,927909.44,338.8825021,490722.69,16.96106033,40.73284003,FALSE,2384.782128,3176.721726,No
Rajesh Menon,Jaipur,624623.35,495.1703208,61195.89,35.15961824,38.62490912,FALSE,3319.344683,2973.626296,No
Aarav Nair,Kochi,1122216.68,585.2114713,87965.02,28.62366898,65.1742841,TRUE,2521.44877,473.7460854,Yes
Krishna Ghosh,Mangalore,684971.8,361.2396872,301132.06,9.010056805,54.87162104,FALSE,3364.522529,2796.393532,No
Krishna Tiwari,Hubballi,1070389.54,678.1913775,331064.78,17.66059932,82.74446354,TRUE,3112.184882,1214.505905,Yes
Vihaan Patel,Mysuru,919155.3,640.2632065,447533.99,6.006042897,50.46029854,FALSE,1352.949715,444.1027957,No
Vikram Kumar,Hubballi,715513.38,579.1855643,79484.45,0,50.11835504,FALSE,3805.942005,2263.145671,No
Ishita Joshi,Chennai,635923.16,613.5609431,160055.97,35.7374225,51.55854054,FALSE,1393.39155,2281.958674,No
Divya Pandey,Aligarh,762062.6,646.5598514,467200.52,4.005294696,55.84560333,FALSE,1997.887219,905.6798077,No
Aditya Nambiar,Jodhpur,996733.6,753.8155915,478427.33,12.14269397,65.31746692,TRUE,471.1524243,1235.418932,No
Aditya Patel,Dehradun,429657.23,515.8431654,139374.01,9.724377218,51.16701541,FALSE,3648.583833,1633.562669,No
Rakesh Kumar,Chennai,583670.68,630.0328023,300114.88,36.36337326,55.24541515,FALSE,3260.893386,1391.898345,No
Tanvi Mishra,Mangalore,199286.33,804.5086105,68897.45,21.45817424,94.68285517,TRUE,1133.625409,1673.719028,Yes
Priya Chatterjee,Lucknow,514977.12,793.1022129,84704.87,23.60758534,99.31903881,TRUE,1477.625914,2059.551205,No
Pooja Singh,Madurai,438343.08,825.3490913,225449.79,10.02573686,102.4205781,TRUE,630.560135,1661.587276,Yes
Ananya Bose,Jaipur,934403.9,324.3448013,125862.79,33.29434728,39.33348409,FALSE,669.8343552,1121.212712,No
Vihaan Das,Salem,363917.82,354.8067691,266417.93,1.004076549,34.81925,FALSE,1549.143577,2000.257445,No
Rohan Chatterjee,Patna,644417.19,710.5858433,331462.36,29.56728553,61.26528808,TRUE,2314.742336,2344.744776,No
Sneha Pandey,Tiruchirappalli,731692.4,659.1075008,301685.84,36.6749657,55.36384135,FALSE,3298.799913,893.6357503,No
Naveen Gupta,Lucknow,998305.58,822.4529334,307695.77,39.01143484,83.66930034,TRUE,1990.442095,2586.894445,No
Pooja Thakur,Tiruchirappalli,931190.34,422.9098173,151521.76,20.53217094,49.50056287,FALSE,4806.047789,434.2093962,No
Aarav Pillai,Chandigarh,242026.44,377.8437645,404336.92,21.16775317,25.86322181,FALSE,5452.437981,1201.28832,No
Aditi Mishra,Patna,996710.77,696.4850291,78251.66,16.89160719,50.57480155,FALSE,3824.434797,1421.065483,No
Praveen Menon,Shimla,407170.54,428.9442718,383121.42,33.63922003,45.37949059,FALSE,2657.644261,3056.971638,No
Aditya Menon,Thiruvananthapuram,194275.29,802.3881955,103605.52,36.79303632,95.63256927,TRUE,2878.126012,1500.739296,Yes
Krishna Mishra,Aurangabad,365318.59,596.4316491,384820.28,23.55957047,70.09402672,TRUE,3700.270581,1780.780082,Yes
Karthik Rao,Chandigarh,910460.4,559.2397178,58961.03,10.26524356,52.53194213,FALSE,3417.177468,2513.372507,No
Rohan Das,Surat,453423,334.6732078,339640.43,0.986055424,39.78509047,FALSE,2883.201807,1223.055573,No
Rohan Kumar,Hyderabad,1132201.03,748.6196922,348602.98,13.7097287,81.01719904,TRUE,1139.822156,493.3563304,Yes
Aarav Thakur,Aurangabad,672434.42,744.082508,111303.93,17.8503381,81.65402451,TRUE,1004.836103,1148.431038,Yes
Arjun Thakur,Kanpur,433735.79,475.5501909,346907.9,23.51419785,40.58479784,FALSE,1065.058496,1078.392086,No
Divya Rao,Bhubaneshwar,328982.9,691.8421827,479255.7,39.86228363,84.1485912,TRUE,1386.377619,2158.8955,No
Riya Sharma,Patna,394105.23,497.8275333,469736.31,9.097248689,45.70957505,FALSE,1043.042111,2514.383079,No
Sneha Mishra,Patna,1196732.31,578.3403802,401340.99,12.71589384,50.03218568,FALSE,1120.41846,2207.74551,No
Ananya Verma,Jamshedpur,387426.09,557.2318551,54062.83,19.37102761,30.13057899,FALSE,4647.292772,767.489228,No
Aarav Sharma,Surat,352101.06,640.2662515,347221.41,12.0538395,70.17973288,TRUE,1829.679506,1729.451233,No
Rajesh Bose,Visakhapatnam,786310.02,695.1020246,236257.79,0,49.9289071,FALSE,1390.088906,3113.169007,No
Aditya Ghosh,Nashik,606806.39,631.3189826,93216.55,6.083093102,59.01226049,TRUE,2260.127884,2307.443872,Yes
Ananya Kumar,Nashik,225635.5,606.3361183,253607.38,8.509445113,68.2609203,TRUE,2733.325043,1800.537071,Yes
Karthik Mishra,Vijayawada,961395.31,753.9892637,460435.56,16.97343313,64.15647508,TRUE,3599.55162,2395.809438,No
Rajesh Nambiar,Kolkata,1147871.51,609.2785067,349029.71,38.08009518,66.16299251,TRUE,4125.102511,1921.120211,Yes
Rakesh Kumar,Vadodara,317141.06,374.927559,224894.46,39.49806843,50.35429726,FALSE,5298.657011,2633.594455,No
Aditi Singh,Mangalore,418877.42,796.4484961,332330.3,18.1433856,85.81304095,TRUE,3153.11224,1137.6003,Yes
Krishna Nambiar,Mumbai,1074592.34,829.7433405,137625.99,15.72327649,79.71925076,TRUE,531.1387806,2428.36591,No
Sanjay Reddy,Bhubaneshwar,219381.6,668.9348235,98731.15,13.54840731,69.19007523,TRUE,2191.1673,909.0165924,Yes
Karthik Das,Hyderabad,1122303.72,590.4132443,99792.25,30.95568811,50.87083709,FALSE,814.1076873,2152.549108,Yes
Aditi Singh,Shimla,467298.26,781.9577311,141937.21,39.91965709,88.62674319,TRUE,3274.61798,1303.437529,No
Praveen Singh,Mangalore,378313.15,610.83819,270983.65,28.35985796,44.77820834,FALSE,4867.399894,2317.912704,No
Aarav Verma,Indore,472007.93,690.0870097,313504.13,16.66568581,80.60423827,TRUE,2123.732314,2433.785331,Yes
Meera Das,Pune,951425.16,576.3947945,320127.18,20.56092536,77.04802074,TRUE,2545.283445,530.5922757,No
Rakesh Nambiar,Raipur,894152.48,638.8633501,350475.13,5.808568061,35.15054701,FALSE,2894.05287,3236.343905,No
Arjun Tiwari,Chandigarh,750947.63,733.2649505,191738.23,6.859676903,66.89198136,TRUE,1585.217416,2099.681938,Yes
Naveen Pillai,Kolkata,415896.04,495.1066404,218994.42,24.39198395,50.63556871,FALSE,1571.689302,2451.903101,No
Aditya Iyer,Jodhpur,776828.94,337.8222284,443676.35,29.27940712,49.72554034,FALSE,4232.539195,1160.594516,Yes
Sanjay Chatterjee,Nashik,436795.78,393.7460228,272446.5,22.58483446,55.63124191,FALSE,5335.786633,3179.886763,No
Sai Yadav,Jamshedpur,725007.77,821.687773,342938.98,18.11582519,87.36400745,TRUE,3104.675073,1140.15472,Yes
Sanjay Gupta,Shimla,1058771.77,846.7112416,148292.5,27.03329039,73.85280654,TRUE,464.5570217,1174.35163,Yes
Ananya Das,Amritsar,934948.97,583.1359228,89999.57,27.06547641,30.31010888,FALSE,3927.279273,937.7922398,Yes
Pooja Singh,Agra,720208.95,329.8210025,411124.52,8.784674128,55.03449366,FALSE,4596.408204,3007.715899,No
Sai Das,Kozhikode,220334.06,803.7093022,286703.03,24.01340006,102.6554507,TRUE,3704.89517,2129.356167,No
Rohan Tiwari,Madurai,221363.61,712.7010328,266487.41,26.96988782,80.92563168,TRUE,2226.743383,712.8850936,No
Sneha Patel,Bhubaneshwar,391555.92,401.1854751,426423.09,29.04470009,48.78518073,FALSE,2207.423414,3041.641752,No
Priya Iyer,Salem,931475.2,390.9414955,80702.9,22.10459709,57.04943308,FALSE,1858.610557,1094.600347,No
Aditya Patel,Gurugram,620167.51,298.7864692,48538.1,18.67556372,57.76720615,FALSE,1585.335675,694.4357162,No
Vihaan Iyer,Patna,233573.82,359.5865276,170724.82,32.3374558,51.22452997,FALSE,2258.794655,1572.047819,No
Ishita Chatterjee,Chandigarh,1144344.42,387.9484018,375339.05,26.90574668,25.06522865,FALSE,1659.017138,2387.204984,No
Sneha Tiwari,Bengaluru,499515.42,722.7885913,212363.15,25.7506939,61.07558482,TRUE,2721.460071,1616.577897,Yes
Ishita Nambiar,Jamshedpur,528544.86,419.6879224,165275.5,4.86884533,35.18680302,FALSE,921.0710565,1500.564212,No
